{
    "name": "MetricAgent_66",
    "seed": null,
    "gamma": 1.4934341025070452,
    "gamma_decoherence": 0.3912238786710668,
    "tau_m": 2.0,
    "theta": 1.6771603408419853,
    "chi_square": 2903.4201258724406,
    "zeta": 2.071725832806147,
    "fitness": 0.8432538422276556,
    "knowledge_vector": [
        0.0035602623244892838,
        0.00669850061666599,
        0.003124590975250287,
        0.0065200205554116104,
        0.007576360021946275,
        0.0012606857555657028,
        0.0003825742346707452,
        0.0048427506527035395,
        0.004400163700979556,
        0.003053288312773543,
        0.0036308132967918004,
        0.00013543630636146613,
        0.00046365209508310794,
        0.0052374612552949645,
        0.002074462080771794,
        0.0043151032864342,
        0.0072199938739835046,
        0.007488631726675784,
        0.0062468315260204195,
        0.007632291257216304,
        2.3262801687356696e-07,
        0.004553252655911242,
        0.0007818916220775439,
        0.0001808967872131532,
        0.006652907920560182,
        0.0076314875970594845,
        0.0024403919274832396,
        0.007623733943957008,
        0.0038533543186638824,
        0.0063193329925567065,
        0.0076413853246586755,
        0.003967664246137305,
        0.006792047883706595,
        0.0008079564947643774,
        0.0009607349781578493,
        0.0006036419271598406,
        0.004174121237687212,
        0.000356699812104544,
        0.004208583330231127,
        0.0020701632664763834,
        0.0070915370436746014,
        2.045888451966196e-05,
        0.006912241644989225,
        0.0012260695343887212,
        0.005755974721981857,
        2.4515908219767772e-06,
        0.0008389832990196958,
        0.0061770882752423765,
        0.0010830198513320335,
        0.0011692540600602985,
        0.00607137191413657,
        0.006152467918839406,
        0.0072308940192199285,
        0.002786950892513359,
        0.004712253666257326,
        0.0075916874598941685,
        0.005630023527925626,
        0.005056141222697543,
        0.005884901112006087,
        0.006613386906908512,
        0.006838666804013775,
        0.000833430669000093,
        0.004554080246233816,
        2.1506692039946423e-05,
        0.005115061646730143,
        0.002089590372737242,
        0.007103287429071294,
        0.004531066146887885,
        0.001186423656223522,
        0.00763901376823138,
        0.00737240025027523,
        0.004637964078358795,
        0.003525801801352156,
        0.0076504276491766365,
        0.005650258296711209,
        0.005483947703542456,
        0.006537983641754519,
        0.003917255453714505,
        0.007665857758981139,
        0.0025884635870409476,
        0.0001791721383145069,
        0.0004166298972342936,
        0.007437810504403394,
        0.00660634157509065,
        0.0020505772655379194,
        0.007633574713018036,
        2.2742299016117178e-05,
        0.004695714420688533,
        0.0005253655092112019,
        0.0003321546724341313,
        0.004497503105270019,
        0.0076661653364084375,
        0.0016870616732137015,
        0.003626246122405012,
        0.0022439987276199665,
        4.6452343967954205e-05,
        0.00019970222889633348,
        0.0025375429768862696,
        0.0007194231376136626,
        0.0019245489485354636,
        6.611056712024065e-05,
        0.0028270990582406072,
        0.002476495273707868,
        0.0061960413170624165,
        0.0003208038934920137,
        0.0009681888385598044,
        0.006585904613531006,
        0.0056693353710398275,
        0.005803665218924321,
        2.2858748343860164e-08,
        5.520419863710026e-05,
        0.007601507113846302,
        0.005579933838226733,
        0.0008566153948184733,
        0.006877064330221667,
        0.00566058689842281,
        0.00045248298543830743,
        0.00628466659494988,
        0.006882379641121535,
        0.004616757762968645,
        0.004427625557956785,
        0.0020079410124706713,
        0.0014250287790490727,
        5.3472798989122137e-05,
        0.00312283537571596,
        0.007586403623658058,
        0.0067210772850254535,
        0.007447702373801383,
        0.0028224598315759186,
        0.0036276793347992916,
        0.0032366043163058887,
        0.007583832243608574,
        0.007481813762010932,
        0.005809793592235384,
        0.007635340396865968,
        0.00011102952949407936,
        0.0016890569446504939,
        4.463514743203735e-06,
        0.004925848394167284,
        0.006068274384764977,
        0.0035537452861749176,
        0.0076634834693939105,
        0.0018073507157397475,
        0.00615155436034988,
        0.004512325039571668,
        8.171356655722735e-07,
        0.007488125928499601,
        2.5020763507230446e-05,
        0.007470469173119178,
        7.183886651036284e-06,
        0.007071287088108109,
        0.0018045579611375559,
        0.0008766437581086638,
        0.007586409198516823,
        0.00015162337621423466,
        0.0046219615339137795,
        0.0036484446665243407,
        0.0009714214195764294,
        0.007620533434859034,
        0.002462022121655472,
        0.0019201805353257634,
        0.006709986751604277,
        0.005609884217605577,
        0.003177725781234603,
        0.00642018336747274,
        0.0019519032172603862,
        6.493722699896181e-05,
        0.00047957592527036503,
        0.004842186520419304,
        0.0038295099252715903,
        0.0003461885510800892,
        0.00017011212855076418,
        0.0017912039587994705,
        0.004012286680178042,
        0.0002391341729546438,
        0.002135097998568729,
        0.00020558605376628746,
        0.004752783390871244,
        0.004546638293049799,
        0.0045550399330740645,
        0.000912951072340948,
        0.0005927212933245468,
        4.353666527468041e-06,
        1.0505900676641506e-05,
        0.006397967599738507,
        0.0015726343989224236,
        0.006927498560844081,
        0.005855563155277344,
        0.002929564319962487,
        0.007529662695691934,
        0.0032601211398932393,
        0.005121655669097023,
        0.0005557824784035996,
        0.005400190413816128,
        2.0216986419713385e-05,
        0.007500555898487377,
        0.002617438896391847,
        0.007646440992402459,
        0.0073486411993245,
        0.007124689367285726,
        3.54569471132865e-05,
        0.0015928159119683249,
        0.004977308173514235,
        0.0022347160633559688,
        5.581257284985668e-05,
        0.007215917121988157,
        0.007174177561597295,
        0.007520837452353255,
        0.005275870739117478,
        0.0010486118561423834,
        0.006209908640061729,
        0.00707509596464893,
        0.0029137153554031573,
        0.00474547166198271,
        0.003788939801787499,
        0.0015077962812644198,
        0.00016536550987430998,
        0.007578648168294212,
        0.005704035344675924,
        3.17360443738272e-05,
        0.006181367382563792,
        0.0034164754927222636,
        0.0022731348994165053,
        0.007653757478199992,
        0.00224514057328808,
        0.0008435670375163357,
        0.007653408398578697,
        0.006409201449038156,
        0.003467903437139333,
        0.006702266905002918,
        0.007395149740738097,
        0.0071083280532834425,
        0.001800812852923348,
        0.0019037411531461618,
        0.004747178424289351,
        0.0058015806346352035,
        0.0001681578530537338,
        0.006086630633790454,
        0.0005755791036940479,
        0.0033696207663434286,
        0.006908287787731177,
        0.0005597998203816012,
        0.006614744161704154,
        0.005780710507136646,
        0.0002664217345612872,
        0.007598174873362074,
        0.0034619284793352347,
        0.0015242605351604274,
        0.0009851653021994064,
        0.00480054430609676,
        0.0059574458843444575,
        0.00665694818018531,
