{
    "name": "MetricAgent_13",
    "seed": null,
    "gamma": 0.944035180169529,
    "gamma_decoherence": 0.4978309285973669,
    "tau_m": 2.0,
    "theta": 1.1827418328820336,
    "chi_square": 2903.4201258724406,
    "zeta": 1.1956552722277978,
    "fitness": 0.6685012183579434,
    "knowledge_vector": [
        0.007845366761343528,
        0.006362908069876074,
        0.0012394644013673675,
        0.004548406207776806,
        0.007641495786032211,
        0.002751058804795037,
        0.0011692965551436147,
        0.007382534247544945,
        3.275443263580302e-05,
        0.004970058006530347,
        0.007807269887777028,
        0.00776219082954411,
        0.007956455122987323,
        0.003546842454440193,
        0.0057525719103479036,
        0.007655629106437788,
        0.005682448625243493,
        4.711301422248559e-05,
        0.0030294356459987324,
        0.002523478553355641,
        0.00790845124385866,
        0.000849351268181445,
        0.006212083634003104,
        0.006411073464655918,
        0.00022629031559909748,
        0.0074082538404479205,
        0.0037052638596467833,
        0.0005800890441754602,
        0.003976229048912498,
        0.00589776386019362,
        2.236395478586291e-06,
        0.005554515940558644,
        0.0018533692121197147,
        0.002198915375191467,
        0.007990361553669369,
        0.0005581408334694408,
        0.0005277891858043012,
        0.0030460859030736614,
        0.0009276174177097989,
        0.005217509209004121,
        0.007665978939822858,
        0.004812077585304908,
        0.004136294895147944,
        0.004078283622765577,
        0.001272624978734813,
        0.000592066998933265,
        5.571178700631031e-05,
        0.007364124383451701,
        0.00726111464071612,
        0.002689904584463645,
        0.00026116261413687916,
        0.0012657224507454708,
        0.007837620734225349,
        0.001159530897400393,
        0.00012149231538869942,
        0.000905628039311719,
        0.003159977126008793,
        0.0005937582991396052,
        0.007597006305516038,
        0.0048012775672070665,
        0.0036774315455772293,
        0.003797692448743893,
        0.0034230386163363762,
        0.0012882413494076787,
        0.00012184505022191113,
        0.0020202518832704774,
        0.006607064538012852,
        0.007106448039958485,
        0.003019420428822211,
        0.0028260866890111864,
        0.005175361270387775,
        0.0027491950726631093,
        0.00684748631695442,
        0.003720729415221017,
        0.007225388941897872,
        0.007005492650215581,
        0.007361744134020123,
        0.007217916158863679,
        0.0009881685249833055,
        0.005987382029847004,
        0.006672498690969511,
        0.00017688781697992574,
        0.007976544225085333,
        0.002027592958128289,
        0.0007754611346600122,
        0.007535518219976946,
        0.007735483335137962,
        0.007865824751165106,
        0.0018592287039280579,
        0.0035042598889773553,
        0.0002456105685294999,
        0.0020205514995694234,
        0.005732149529767949,
        0.0008064403667413256,
        0.007958035910649313,
        3.5194201806264715e-05,
        0.00452885461851991,
        0.007012039536675006,
        0.0004319527351200395,
        0.006980477971187919,
        2.169423793560225e-06,
        0.0005543907857497461,
        0.0005373767855328481,
        0.004378199704261973,
        0.000617920670169696,
        0.00410182215264694,
        0.0024225309604062684,
        0.004118819818883177,
        0.007912526927585652,
        0.00027670219989709425,
        0.0003807708771106204,
        0.00025222557054918756,
        0.004634177936515496,
        0.00621114853618979,
        0.0077907015401412864,
        0.0034051702432952675,
        0.001383775581602933,
        0.003371921671704408,
        0.007750542087913228,
        0.0014349654790726868,
        0.006544582672250665,
        0.0005204316127122356,
        0.0015433331967431088,
        0.0062955796688748625,
        0.0028638163984117788,
        0.0069862327111059296,
        0.004573612654028714,
        0.006979423648802447,
        0.007883701227277228,
        0.007682882901072338,
        0.0006757988858698873,
        0.0013498679425126949,
        0.0019939836360328756,
        0.0001911154746563787,
        0.0014647127887910825,
        0.0033126491789113397,
        0.007987632139051756,
        0.005207428439279978,
        0.004701425589664371,
        0.0007137538981186039,
        0.004791850095667148,
        0.002516626387141583,
        0.007745080920467605,
        0.007991594397768274,
        0.007903878550996541,
        0.005483277343204829,
        0.0003874274659027444,
        0.007841550119727387,
        0.005267503446434374,
        0.004767584304351259,
        0.0013521014818739625,
        0.006617584980542508,
        0.0049383081945983355,
        0.005175120637699355,
        0.001077263861121651,
        0.007891633688878784,
        0.0007189115209747194,
        0.007979582313614744,
        0.007516062198883643,
        0.00014348732141476625,
        0.006276010134497099,
        0.005082291429601981,
        0.0014864298877949815,
        0.00010208995215080528,
        0.0035046899465677236,
        0.007985266744988194,
        0.007991593682689627,
        0.003953213022450663,
        0.004020124812290238,
        0.003782748873316685,
        6.190845749280219e-11,
        0.00467853763216215,
        0.007982399834926554,
        0.0035441597716718114,
        0.0044356260419414414,
        0.0010617249104621237,
        6.394385387354473e-05,
        0.0010337965340148762,
        0.0019961266124239184,
        0.0017681129748738627,
        0.007780935455178744,
        0.00015291076435776358,
        4.168557830357292e-06,
        0.0014261342166585363,
        0.007990703830110649,
        0.006627238467609747,
        0.0005749986480837192,
        0.0069086690975357365,
        1.4775354141209035e-05,
        1.2032968794060063e-05,
        0.0030029097894223927,
        0.007830711385709113,
        0.005451621866960115,
        0.0007018985237643011,
        0.006703506427919571,
        3.585734120526471e-05,
        0.00014633608786095116,
        0.006361817227846765,
        0.0004299981787507545,
        0.0015470537923288458,
        0.0003137228599920832,
        0.005986167597874683,
        0.007956932136822008,
        0.004494264721770488,
        0.006061276533290117,
        0.0007845457701345649,
        0.0017712318320226284,
        0.004811558590216963,
        0.002096613632300431,
        0.0012509002085421478,
        0.006011910227809271,
        0.007969241519889123,
        0.005567385151859554,
        0.006542442122949195,
        0.006499207022741105,
        0.0031652592363637768,
        0.0076951719072874125,
        0.0015214309899854116,
        0.007991569625989705,
        0.003909157959311181,
        0.006482661545334721,
        0.006484204664088591,
        6.054191682263945e-07,
        0.003909523117260362,
        0.007283270594422527,
        0.0033878088757875735,
        0.003966419105748194,
        0.007794290985028758,
        0.0002954335261288275,
        0.0024516480911635267,
        0.007831793397626264,
        0.004138896230333556,
        0.00594995325579544,
        0.0016765672960305615,
        0.007404266295534146,
        6.838534158050683e-05,
        0.0014806257425890124,
        0.0008843900413004822,
        0.005557556566910588,
        0.002761682007331275,
        0.0031181807424201504,
        1.5131511164739562e-05,
        6.325307514945046e-06,
        0.006087118184480482,
        7.488259275877944e-05,
        0.004440967147007614,
        0.003520322962820515,
        0.005471638643128556,
        0.0015602056777724478,
        0.0003781516572119242,
        0.006413831413988219,
        0.0026077241157335443,
