{
    "name": "MetricAgent_73",
    "seed": null,
    "gamma": 0.7184790082410358,
    "gamma_decoherence": 0.2084889721353069,
    "tau_m": 2.0,
    "theta": 3.1284078495866408,
    "chi_square": 2903.4201258724406,
    "zeta": 1.175006358458827,
    "fitness": 0.6643823128455781,
    "knowledge_vector": [
        0.005007285130227086,
        0.0030457200149354253,
        0.004567634708334658,
        0.0019219246663831106,
        0.0005299843454101203,
        0.006374848594916358,
        0.002183357492376639,
        0.006235511991239962,
        0.006981037384805165,
        0.0022084949392081614,
        0.006488942951456336,
        0.001819323481186901,
        0.0030536017867967215,
        0.0016428373861500205,
        0.006961755154900553,
        0.0022795482921706446,
        0.0026793718516257715,
        0.00017061217649589618,
        0.00428653304732811,
        0.00040045721126944465,
        0.003424077080595321,
        0.006669602276248239,
        0.006665645425139099,
        0.005761218451811728,
        0.0069168494431889474,
        0.0011324195031557787,
        0.0068100578371677895,
        0.005561636852677345,
        0.003799090443736709,
        0.005604134626630722,
        0.0058637691641859205,
        0.0068459671036335094,
        2.0089508666895747e-10,
        0.006854696755494334,
        0.0017662981427662256,
        0.00010042510490690616,
        0.0019046158923504938,
        0.00027934440150193944,
        0.006964201443236944,
        2.474697137146807e-07,
        0.0025535409508700667,
        3.076330754866292e-05,
        0.006414610806131716,
        0.005846786106530813,
        0.0016806197392753392,
        0.0013127617042732243,
        0.003687525094555127,
        0.002133284680575397,
        0.004500538115638035,
        0.0018261095462846215,
        0.0034469252785237874,
        0.002707951318695107,
        0.006172837951140679,
        0.004138682495438074,
        0.0068748441497046816,
        0.006992813321647848,
        0.002126726751796668,
        0.005385707141845632,
        0.005188238765727459,
        0.0031846363930655816,
        0.006600287388278766,
        0.005982228939603358,
        0.00543981175454323,
        0.0010037168467757717,
        0.006866612509409787,
        0.006802064259897177,
        0.0069888113884402645,
        0.0024039567368908717,
        0.0010993168090833595,
        0.004403684727716553,
        0.006758604168551613,
        0.001610470733586503,
        0.006657110621855134,
        0.0035539794743191244,
        0.00015489021402811755,
        0.0015024793679323711,
        0.002505182568350416,
        0.0015233818897983672,
        0.0033381436847908182,
        0.006616897928115076,
        0.005739996508539075,
        0.006991846747910234,
        0.0037038385794804546,
        0.00696783317252901,
        0.00577615658192979,
        0.005112178989966749,
        0.0027441165720778313,
        0.0052977364518224995,
        0.006646223512720425,
        0.004126234005825681,
        0.0012911553372528944,
        0.005928841479100362,
        0.001915910929446422,
        0.0020014360790399106,
        0.006975892171306569,
        0.0009326492420249,
        0.00083299705230434,
        0.006806621880714574,
        0.0005881985631223537,
        0.0027209836099062134,
        0.0006772109574986265,
        0.006944034410179503,
        0.003774089395051627,
        0.006972120421576543,
        0.0009887272871319133,
        0.0058215577679367895,
        0.0011881294048035783,
        0.0020972597351379377,
        0.006786376602150708,
        5.824330476397167e-07,
        0.005615272915841433,
        0.004311219827516676,
        0.0037386934749846228,
        0.0019345803201239447,
        0.0033550642710176914,
        0.006945459686278985,
        0.0040816643066613175,
        0.00012567891081491212,
        2.0265050989201366e-06,
        0.0003152451434003217,
        0.004723279862949339,
        0.003563785891992497,
        1.008844294962238e-05,
        0.006400059313193513,
        0.006823979699461414,
        0.0045588377548650885,
        0.0001387708669276114,
        0.006949570085091874,
        0.0035268212041563163,
        0.0054367332509664005,
        0.0006263514449549085,
        0.0036865137956341976,
        0.006928606363342339,
        0.0063188232521797436,
        0.003126056641343596,
        0.000589996505760547,
        0.006978145187493819,
        0.0040866505256918284,
        0.001214062593214292,
        0.006280232154680346,
        9.009920021878051e-05,
        0.006384611952914367,
        0.00039078703642854846,
        0.0009694933317075865,
        0.006728589187704224,
        0.0033622795087048444,
        0.0008294596364425641,
        0.006662431931578366,
        7.892525675991148e-06,
        0.006576532555072633,
        0.004115354183863165,
        0.006953639067060017,
        0.00019177573228136373,
        0.00615385625032562,
        0.004953638319921441,
        0.0009481270796685065,
        0.006790791133320789,
        0.004825704857054322,
        0.006154087159947319,
        0.0004766423808292993,
        0.005686245217525587,
        0.006642884885585162,
        0.005195096570478068,
        0.0010400186297653926,
        3.085730513936773e-05,
        0.0030490618328963327,
        0.006920595955097629,
        0.004700481010084837,
        0.006967791115153634,
        0.0009461665670613635,
        0.006090075179635977,
        0.006961503994565329,
        0.0005134756441346738,
        0.004604066434425116,
        0.0038014470688443086,
        0.005441641536926858,
        1.0276361007685824e-06,
        0.00699021148559099,
        0.00021041903001561263,
        0.005527310140935956,
        0.0016937509549290232,
        4.6213442051024725e-05,
        0.0026553976805552297,
        0.0012429866078948362,
        0.006086120505419499,
        0.004941853383304211,
        0.003881404469793009,
        0.0067820375071845455,
        0.0018548292050637534,
        0.006989296264691695,
        0.005469611284332024,
        0.006908362956538915,
        0.0046528061706125,
        0.00287090342984681,
        0.00266036970314632,
        0.006392570527678979,
        0.001759899523660904,
        0.0017853043906390907,
        0.005002711350955089,
        0.006339369769274871,
        0.00018593431996400596,
        0.0007104128602743421,
        0.0053559005257208655,
        0.00349361634966825,
        1.8362049152406104e-08,
        0.006613741627273326,
        0.004164135566800316,
        0.004424793186348242,
        0.004101257379336772,
        0.0069932022929238636,
        0.006980837343718525,
        0.005449419387046732,
        0.0028931926667309193,
        0.0004919158629631265,
        0.001980901881230298,
        0.005463487284430431,
        0.00474249797257311,
        0.006498010098319516,
        0.004283201789270793,
        0.00046865808760156624,
        0.0018106128256559291,
        0.006709968420446961,
        0.005785910020957755,
        0.004459141087644381,
        0.005756573178167806,
        0.0005826148340949213,
        0.004594401095672602,
        0.00034277428179914083,
        0.006970009032267754,
        4.365168385332235e-06,
        0.006974569147723046,
        0.0039391118546029235,
        0.006840441680121142,
        0.0025498739015130667,
        0.004891423285853225,
        0.006929648556143636,
        0.0014574744965995723,
        0.005410911263284193,
        0.004640096919158909,
        0.005572180731219032,
        0.006852741074863442,
        0.004021950273993342,
        0.00659779826760021,
        0.0034331147802855776,
        0.0012637459675726315,
        0.00017293753445587985,
        0.006588506459940067,
        0.005322863241236536,
        0.0001438814053237866,
        0.006565165064704908,
        0.0017416013772713762,
        0.005776757458727314,
