{
    "name": "MetricAgent_31",
    "seed": null,
    "gamma": 0.5941872423848318,
    "gamma_decoherence": 0.2510101279962754,
    "tau_m": 2.0,
    "theta": 1.988674298308253,
    "chi_square": 2903.4201258724406,
    "zeta": 0.9343121524594865,
    "fitness": 0.6163702622855707,
    "knowledge_vector": [
        0.004968917160441657,
        0.007173983138943067,
        0.006670785447930867,
        5.6038743265934966e-05,
        0.007274209825704243,
        0.0053550496533325415,
        0.0071842115724965626,
        0.003645377537642167,
        0.00043897398264166503,
        0.0019395768812995868,
        0.003774243335860269,
        0.007006416348868771,
        0.007110683707994578,
        0.0009329346722553459,
        0.007314532349329888,
        0.0028450715140856445,
        0.0038179621614471545,
        0.0067295947891118325,
        0.00730453710955195,
        0.006511009561719967,
        0.00500701759261081,
        0.006635839215297059,
        0.006188957603722813,
        0.002519079395363024,
        0.003833296163396508,
        0.006208884968703709,
        0.005836093450343856,
        3.2705719997963295e-05,
        0.0028344742574164523,
        0.0002353755329453654,
        0.006043287333178129,
        0.007305728414406934,
        0.002575008295437921,
        0.002276754763090514,
        0.0016120085709668763,
        0.0034292935919803614,
        0.0027535793414319616,
        0.005592965827826934,
        0.0037053423178303587,
        0.0008170659049496826,
        0.0025212976162326734,
        0.0015898552635768425,
        0.0011238951768513601,
        0.0006153314356057315,
        1.9286425390920034e-05,
        0.007303368838655733,
        0.006851567123833572,
        0.0006199309417087659,
        0.0002721860365635887,
        0.007230687355304055,
        0.007136481545864006,
        0.006718686508252482,
        0.0012563261295245461,
        1.0577540601757982e-07,
        0.00019009318014114683,
        0.001542664289442431,
        0.0015119400426090409,
        0.003581383750044316,
        0.0011059424975856282,
        0.0071160386302653485,
        1.5940686023103102e-06,
        0.0070683339462439725,
        0.000667860731513809,
        0.0026604375141248107,
        0.0027660885599774553,
        0.0065312194133796304,
        0.003115199596573896,
        0.006374447871842022,
        0.0072234329346673514,
        0.00011945472805192357,
        0.007237686477967951,
        0.007171182896373061,
        0.0073037835656813805,
        0.001525635186326427,
        0.005059496635098173,
        0.007261049882412183,
        0.0016499237344393064,
        2.886707409786211e-05,
        0.005791367521120567,
        0.006503957868809414,
        0.006453336604658671,
        0.005038128731217009,
        0.0006296123701621365,
        0.000540772075581467,
        0.003144805699285162,
        0.005813744397718488,
        0.006140811125437747,
        0.006203497474867337,
        0.0004733125948625639,
        0.00040356311544859194,
        0.006518538455536936,
        0.0019691429728579384,
        0.0011359643884728638,
        0.0015053283014462293,
        0.0015283322096712397,
        0.005867141997309062,
        0.0025014095745969117,
        0.007171504434236138,
        0.0068625357733724315,
        0.0064003284454996695,
        0.007268954542355696,
        9.1224367606327e-05,
        0.00569407883734684,
        0.0072561611305906795,
        0.0018050266610976757,
        1.890581719652832e-05,
        0.001795902983693837,
        0.006929309208582189,
        0.005524113535778138,
        0.0008502271373073433,
        0.001090493454274728,
        0.005774989720799502,
        0.0038850573564998855,
        0.0017646059799940124,
        0.000155696916983854,
        0.006180357915287805,
        0.0002508254894491443,
        2.5522827081687098e-05,
        0.005605658755562423,
        0.005997363715409209,
        0.007095690610193017,
        0.006847076561118122,
        0.0005464813928244024,
        0.004421849171177049,
        0.002663105035287903,
        0.004269034840131711,
        0.0072757483852594704,
        0.0011075002254702453,
        0.0024422134330235614,
        0.0013421828979492147,
        0.0010011267190591748,
        0.0037871515551321953,
        0.0008903180187834571,
        8.984923795638233e-05,
        0.004008634636962275,
        0.0022244585466241265,
        0.006275564810825016,
        0.0028023454471415173,
        0.006500628090958176,
        0.007314224080489946,
        0.006528445962508872,
        0.00341134411825775,
        0.004110119119814705,
        0.005249947591977689,
        0.0014405599592220008,
        0.0027706775536254667,
        0.0008680073429651137,
        0.002238076749915582,
        0.007303106427459251,
        0.003655132247271895,
        0.0036006786920685877,
        0.006935532411285183,
        0.002026377506533374,
        0.00023936262345207037,
        0.0007321766005115142,
        0.006372293829048016,
        0.006687029126384526,
        0.003164591518259758,
        0.006328070503563017,
        0.006765937017142484,
        0.0031612261133206836,
        0.004789227947884228,
        0.007305598765586503,
        0.006082062959724755,
        0.002395304041572844,
        4.5927449034625295e-05,
        0.0002513606679686887,
        0.006458508107164396,
        0.006537591719535291,
        0.0073007515512795995,
        5.423628612444949e-05,
        0.003471731465203531,
        0.003062160131284514,
        0.00649711241481677,
        0.007067814714105003,
        0.0038382569021238842,
        1.0815451448606248e-05,
        0.0012452656504006127,
        0.0034421400672402583,
        0.001188105190669458,
        0.0049559777210080235,
        0.0071400588932626855,
        0.00437844219190321,
        0.007313607531622781,
        0.0064846457581256714,
        0.005129447102197793,
        0.005383255494127347,
        0.0014389190624858733,
        0.0014985141175660479,
        0.0006241018415321954,
        0.002208622310187591,
        0.002250179245466868,
        0.0007280859548447419,
        0.0062596958757636266,
        0.005975413349948676,
        0.004170332639649803,
        0.007003608900434089,
        0.0006867261410318525,
        0.0066784184629167685,
        0.0021607232060319665,
        0.007049628612552316,
        9.473577900518754e-05,
        0.007254198591662081,
        7.203365986683636e-05,
        0.0024324612695514423,
        0.003895275213208868,
        0.006557066667827011,
        0.0002616136243439882,
        0.0063786912651103,
        0.006352893051474145,
        0.006746005886684338,
        0.0059528352336993455,
        0.0033006237491861484,
        0.0010967225031891657,
        0.00017341786685716494,
        0.003569138244621496,
        0.002579139226338822,
        0.006447941995763096,
        0.00481064390235678,
        0.007193688533144616,
        0.0042502675573084705,
        0.00710997927238791,
        0.0072641681070516675,
        0.0058834175113703,
        0.006971651915764594,
        0.006424607875857339,
        0.006580438698819936,
        0.005937082065946411,
        0.0006121334834917503,
        0.003992602383863873,
        0.0017977549250591685,
        0.007314285279971209,
        0.004159413105860892,
        0.0011580403507042089,
        0.0068505733199746505,
        0.0017270883965598823,
        0.0006090507370281528,
        0.000863620243734113,
        0.0017591398083031486,
        0.0036988944941355713,
        0.007117127820000506,
        0.0016447726622038864,
        0.002950590481759858,
        0.007260654777923568,
        0.00010936424036283835,
        0.0012357207263720374,
        0.0010800363514003597,
        0.0014000461087464934,
        0.002963203204499425,
        0.007207433037807757,
        6.471479100329488e-07,
        0.0071125342556775314,
