{
    "name": "MetricAgent_74",
    "seed": null,
    "gamma": 1.2017701028804257,
    "gamma_decoherence": 0.22488575616927686,
    "tau_m": 2.0,
    "theta": 2.206475344767802,
    "chi_square": 2903.4201258724406,
    "zeta": 1.935705288021479,
    "fitness": 0.8161213848995421,
    "knowledge_vector": [
        0.006209105220168898,
        0.001688945891847208,
        2.576999968360505e-06,
        0.002813863160532649,
        0.005134773227728154,
        0.007562808615766286,
        0.003655322709749394,
        0.001723680749671029,
        0.002040198579173707,
        0.00018437454711468234,
        0.0066443783313053,
        1.7253981935054666e-09,
        0.0054700967863960575,
        0.007065721446309556,
        5.856470151955371e-05,
        0.00037955806005966796,
        0.007449501292427568,
        0.0034659175663942364,
        0.004504477815260929,
        0.0038594096363260455,
        0.0020621237594738986,
        0.007145114974859075,
        0.007508018305072533,
        6.765669697280233e-06,
        0.005368206262954844,
        0.001763752808044713,
        0.003408291888880013,
        0.007526622999282949,
        0.0011314035515711575,
        0.0011036880574796595,
        0.004794761289402683,
        0.007263139006251213,
        0.004697478121913688,
        0.00620322554115806,
        0.0071298717826611254,
        0.002276995455875437,
        0.006845299794441081,
        0.006741925485416326,
        0.00477489649667583,
        0.0028842340250060067,
        0.0034327191293069465,
        0.0008464181979878513,
        0.007550259479423942,
        0.00220276707004696,
        0.003715247927418604,
        0.005931724658352173,
        0.002935374176573895,
        0.006992492883988418,
        0.003361825372744047,
        0.007571083559308296,
        0.007555863428697016,
        0.0027293985131085054,
        0.004154632248743806,
        0.007517347064404811,
        0.0069576070920942795,
        0.004988469515360137,
        0.0013231433829804372,
        0.004734873672389842,
        0.006802095355349481,
        0.007460372116919528,
        0.005577441394986844,
        0.001162988472231036,
        0.006962140605409709,
        1.0229884424887449e-05,
        0.003432914901430002,
        0.002993545546044844,
        0.0023735381300107696,
        0.007534006982143212,
        0.0072647697738781394,
        0.0012659519473516392,
        0.0036517513006055556,
        0.0058291294438522654,
        0.004395966025740801,
        3.0072395249481052e-05,
        0.0031299519625073136,
        0.006011257228610651,
        0.007208544720211254,
        0.0073432101997715,
        0.00067993282233966,
        0.007400410392049187,
        0.002678462329705044,
        0.0058395799209836575,
        0.007568674568470985,
        0.006368802862666327,
        0.0018319694178775307,
        0.007433854981190172,
        0.0010446181509536818,
        0.0015114656069987208,
        0.005838643428406003,
        0.0011478563233868128,
        0.006878130138692799,
        0.007177387643205303,
        0.00013025981723585058,
        0.0068381393920821975,
        0.007187303104703392,
        1.0340431547317118e-09,
        0.0026213391741247848,
        0.004809156391129822,
        5.792131771450444e-05,
        0.006804314213860637,
        0.004207034821833614,
        0.004882950387204449,
        0.00627086431190102,
        0.004159835613052512,
        0.0005957081547431984,
        2.3810466526797524e-05,
        0.001660349365190481,
        0.0006325770926424728,
        0.007561165534566828,
        0.00035952450212003447,
        0.004940670576609875,
        0.0006731269855738295,
        0.005669202966779824,
        0.0008908690564431454,
        0.005303349005622023,
        0.002185705002273192,
        0.002141607354275742,
        0.0014785751451035967,
        0.0019922705460859226,
        8.625860129732642e-06,
        0.0027509469960084374,
        0.0002521192215589098,
        9.433896393703555e-06,
        0.007013899936588663,
        0.001518958584731129,
        0.003527442861232979,
        0.006032251124834939,
        0.007253376276586823,
        0.007539264298643781,
        0.006805992906919994,
        0.002473088043101758,
        5.473123845602407e-06,
        0.0029917425139683543,
        0.006356274023220519,
        0.007001405311817753,
        0.0023633611658289886,
        0.007571676680239922,
        0.007418607626691378,
        0.0005236491609766744,
        0.0058211148251160584,
        7.91076609490995e-05,
        0.007171263085487526,
        0.00414202015425372,
        0.0049190922747327955,
        0.003469670888182455,
        1.521060180522136e-05,
        0.0029470485451236553,
        0.006875253316749237,
        0.0054784958699009905,
        0.007571611610395326,
        0.0007313301221637632,
        0.0075225737873010476,
        0.005546974948209221,
        0.0009495574885929919,
        0.0030450596609683323,
        0.003294314840554616,
        0.00756484470678951,
        0.005752067484201952,
        0.0014319732034842982,
        0.00023672301295415076,
        0.003986151914382993,
        0.006705458431186576,
        0.007199916355523354,
        0.0011509323446699578,
        0.00028754277328513065,
        0.00040417925348281515,
        0.007164889498354488,
        0.007090487598560646,
        0.0014422146152002575,
        0.006822748582426327,
        0.0008730307764587489,
        0.00625668037860025,
        0.0005874159437228932,
        0.004281367589012736,
        0.0014358097772680936,
        0.007142445670504359,
        0.000535542039731259,
        0.00702145068267958,
        0.004298242570000114,
        0.005259221754751628,
        0.0012007269857583715,
        0.002299982359659054,
        0.0030311074304994897,
        0.0011683869456965094,
        0.0036970858110167443,
        0.0008724083406587715,
        0.0003702412900703712,
        0.00735119480949023,
        0.0004747326087693367,
        0.007412943955125602,
        0.00321554364999691,
        0.002162243814492779,
        0.0067600754413812214,
        0.0010934595400966403,
        0.004348383347323335,
        0.003718179369458288,
        0.001767758416733249,
        0.006204972369050953,
        0.0049890193769813,
        0.007125889800518234,
        0.00018274083533612926,
        0.0007214622955556226,
        0.005880390729774568,
        0.00487803384850435,
        0.006672104458790903,
        0.005531872914631944,
        0.005505590510569888,
        0.001205558566103854,
        0.001811152975241029,
        0.005728167645502502,
        0.002766760390352803,
        0.00014065911960705802,
        0.0064622360662037505,
        4.917466777593855e-05,
        0.002460995630852782,
        0.005741167596904502,
        0.004702170785857497,
        0.00010610559081745017,
        0.0069037729092054235,
        3.193009036724091e-05,
        0.006785148436669117,
        0.0038193872720186737,
        0.0005239449734063379,
        0.0007899818756013146,
        0.002840267402859993,
        0.00577528685482793,
        0.0014598723552422367,
        1.0567536399975861e-05,
        0.007571745058679543,
        0.0006808804155708256,
        0.0074605909293076825,
        0.0018437874911108286,
        0.0048955953009846365,
        0.005250124244388528,
        0.006706190413793101,
        0.007079810560976838,
        0.0008438854693108317,
        0.0072556459688106105,
        0.0033583673121588714,
        0.002100764049808251,
        0.003555056210911199,
        0.0048576637678236405,
        0.006929542509691188,
        0.005732099660904425,
        0.0019763494858389286,
        7.461868155947049e-06,
        0.006657581299860482,
        0.0006553993176558894,
        0.0009646574901166035,
        0.007318368614124666,
        8.334885339499133e-05,
        0.0005801158343476981,
