{
    "name": "MetricAgent_3",
    "seed": null,
    "gamma": 1.1323623773949896,
    "gamma_decoherence": 0.4703339706086499,
    "tau_m": 2.0,
    "theta": 0.8343726728575483,
    "chi_square": 2903.4201258724406,
    "zeta": 1.4677346513567793,
    "fitness": 0.7227737707562836,
    "knowledge_vector": [
        0.0051861817017773044,
        0.004743663244937266,
        1.818336469823837e-05,
        0.00546086652574462,
        0.006810914169430218,
        0.0074789596327627834,
        0.0005200916603302841,
        0.006791134948051798,
        0.0006085623493947591,
        0.006757906498212377,
        0.007451948592702748,
        0.0024291522995448533,
        0.00486032543476173,
        0.007749016177293105,
        0.00024122749434311495,
        0.006906214549550701,
        0.002340086593766872,
        0.0071171642687421245,
        0.007470300542647174,
        0.007455264369139592,
        0.0026639326657771816,
        1.1603096853739032e-06,
        0.007749334564597669,
        0.004628743025260336,
        0.007727140907782,
        0.007613505392131858,
        0.007646778972815347,
        0.00531325514817207,
        0.0001642427837211292,
        0.00722122643877459,
        0.0029372769567041182,
        0.0077449205877767255,
        0.0004323242939473564,
        1.7061150855936156e-05,
        0.0036689162884278163,
        0.0003085183235060468,
        0.0003179717455261672,
        0.0020265684978776205,
        0.007350027790406343,
        0.003711168980177951,
        0.007519127820240189,
        0.007751390912900215,
        0.0015096956962257113,
        8.753808672772091e-06,
        0.0013922411097984486,
        0.006858398748602185,
        0.0015398497797614534,
        0.0055973273726974675,
        0.00045962593964244834,
        0.007088893614712413,
        0.005099523651149802,
        0.007445374481342921,
        4.520128575211867e-05,
        0.007703188778818504,
        0.0006223513620866146,
        0.004797854254436167,
        0.003119528994557222,
        0.0053755878115473105,
        0.0004265605872978159,
        0.004340872601856848,
        0.0070132307694687835,
        0.0017129361240190437,
        0.00046083205359306314,
        0.006034173390480964,
        0.0032065269191547323,
        0.0005762317750932097,
        9.224630765065255e-05,
        0.005223017618362262,
        0.0030934530828153344,
        8.774660124490356e-07,
        0.00355292540364719,
        0.007538013408425964,
        0.0023580527333762736,
        0.007675369505699226,
        0.0038567887713934585,
        0.003985827772799386,
        0.0004959564176364948,
        0.0023291961130237106,
        0.003961509396372448,
        0.0019112382202931325,
        0.007177553501525187,
        0.00275100936297499,
        0.006007270863162055,
        0.0006790237672729906,
        0.006672293142635195,
        0.0003822529283910593,
        0.007711220848559639,
        0.005934670166032195,
        0.0019109637822478753,
        0.0019002826465982384,
        0.0031623293788454443,
        0.007228415727882492,
        0.00047805424331615433,
        7.768823199528883e-05,
        0.0004348572515727479,
        0.0028776581013747666,
        0.000544841150080595,
        0.0007783638848397893,
        0.007259891217049465,
        0.005785806408656323,
        0.006296937889979718,
        0.003972228616516411,
        0.0011290595726311853,
        0.0030163257979509183,
        3.1357520459766244e-06,
        0.0049252674854263715,
        5.57063039340456e-05,
        0.0013938194345398003,
        0.0002463943179539624,
        0.00017532377817397837,
        0.00013613890124117254,
        0.003169532383745294,
        0.007372788029539242,
        0.006927116398855135,
        0.007426234569048242,
        0.00042273606876778606,
        0.001394012231958316,
        0.004059909464099998,
        0.0017119156269263156,
        5.446133087522423e-07,
        0.0017210140214480498,
        0.004786264283773083,
        0.001928054662918224,
        0.0034584965041978763,
        0.005571422309517036,
        0.004132757597610438,
        0.007535472709232342,
        0.007669464390765131,
        0.003163844767269571,
        0.0026641097327093567,
        0.0012080205513346639,
        0.002973989627012122,
        0.007668689350436262,
        0.004240502035935666,
        0.00357432127496317,
        0.003966926074600606,
        0.007528014748947504,
        0.0075305142353361155,
        0.005306774987126995,
        0.0029046320257705427,
        0.006802496348097083,
        6.390105038173231e-05,
        0.002159913356933221,
        0.0005150329817236022,
        0.0027183506679944887,
        0.0013009362928302303,
        0.007465571531229491,
        0.0013363670847643496,
        0.0028768984740813208,
        0.0032668013899446015,
        0.007709769558804369,
        0.006720240596085256,
        1.2848027553481955e-05,
        0.007741827097952573,
        0.006660893128242925,
        0.007258399727522808,
        0.003303460981007805,
        0.004109934826348021,
        1.988988519174794e-05,
        0.003998797377856132,
        0.0018832181771483354,
        0.0037436039513372636,
        0.0002731889079794974,
        0.007725091937911347,
        0.0006472906561077501,
        0.006350716871366293,
        0.0012144201273341527,
        0.007186783718938936,
        0.0031968292852252336,
        0.0015689602639217025,
        0.006884979558432179,
        0.006861176972756509,
        0.0014266326661849865,
        0.0023219378587594785,
        0.007743864047977095,
        0.00741494946231049,
        0.005801475097547694,
        0.0023833863210737873,
        0.0043327594789823115,
        0.006241488212604559,
        0.0027890431407468267,
        0.006672733843791153,
        0.007437925569183929,
        0.0036322193809350516,
        0.003591132815373184,
        0.00011729267963056347,
        0.007748321056218551,
        3.993651293633849e-05,
        0.005011601000809946,
        0.0003923748398065668,
        0.0037977581265670407,
        0.007750640692424691,
        0.005202036686747877,
        0.007657360161897203,
        0.0004898280263460896,
        0.005991786285624442,
        0.00775213680290938,
        0.004197645538225107,
        0.0009800044478477687,
        0.004912921039547343,
        0.0030189514095815416,
        0.007236068621745793,
        6.14470174270025e-05,
        0.007246244699856791,
        0.0076358734955746565,
        0.0076796751506365436,
        0.0033924251395022528,
        0.0054315420006299025,
        0.007101653177371509,
        0.003176885035494911,
        0.007709577010054909,
        0.0015467228926432449,
        0.007219229971086143,
        0.0044688441031750575,
        0.007484973842467944,
        0.0013753650305993366,
        0.007631271934736083,
        0.007663342351656982,
        0.0020457909502844505,
        0.005147345906850714,
        0.005463894126685853,
        0.0035199153609524175,
        0.0011721774201130615,
        0.0009491608411337136,
        0.0014567246916526249,
        8.425882491961236e-06,
        0.003546239712400697,
        0.00539660139688205,
        0.006941881716219528,
        0.007565608017620212,
        0.0057101105293823175,
        0.00019669695788930065,
        0.0003204265161648244,
        0.0019769285624716307,
        0.0038769528982408653,
        0.000875489646784292,
        6.774643079471699e-08,
        0.0005725314565147073,
        0.006435960424288584,
        0.006848574096562431,
        0.00015010542590516865,
        0.0003069487430080592,
        0.007418918376875167,
        0.007251256268366926,
        0.0009106450174026519,
        0.004371877274107525,
        0.007600139562609477,
        0.00071540516323652,
        0.0005714885988003296,
        0.006297970207724947,
        0.003684810380513796,
        0.0008258555589469972,
