{
    "name": "MetricAgent_102",
    "seed": null,
    "gamma": 1.2578678828067411,
    "gamma_decoherence": 0.25243997587441913,
    "tau_m": 2.0,
    "theta": 1.7104905040561087,
    "chi_square": 2903.4201258724406,
    "zeta": 1.975307052387789,
    "fitness": 0.8240208767262212,
    "knowledge_vector": [
        0.007463381057596968,
        0.007176132763015827,
        0.005738733581590133,
        0.001821857040327307,
        0.005445798163710653,
        0.0075441392322816055,
        0.006702363895401259,
        0.0028689435234745164,
        0.005596823528264386,
        0.005819334201885603,
        0.0016970701322460168,
        0.000319814555694877,
        0.00018392019307570282,
        0.007488378012777598,
        0.0001819792735897603,
        0.007551913638552656,
        0.0032227038786662287,
        0.001758029518892383,
        0.00747152770899528,
        0.0009082049980627427,
        6.189586281104602e-06,
        0.006018299454743968,
        0.0035526250774133242,
        9.504531983613846e-06,
        0.007537713810353659,
        0.0075681314306030225,
        0.006959789610918489,
        0.0019009777780777412,
        0.007471200078662263,
        0.007054389636689221,
        0.000731025024484777,
        0.005806332584742325,
        0.004737794444274172,
        0.0033425710815525927,
        0.006038020747485971,
        0.002786870345387695,
        0.005273539191094681,
        0.002696159000474351,
        0.007264928598765655,
        0.007569340930378487,
        0.0032082593524711783,
        0.0025632672423811236,
        0.002690269229513621,
        3.693405567618648e-06,
        0.00439432661131367,
        0.0056370520086802675,
        0.0008662083221255007,
        2.4588630526499863e-05,
        0.006390627163220751,
        0.0019823261762565566,
        2.067502941883683e-05,
        0.007319550354823908,
        9.826902294920094e-06,
        0.000509813856870355,
        0.003039737692705011,
        0.0058790606562326864,
        0.006345003601802532,
        0.00020773046556439839,
        0.005860045262574788,
        0.0003203561011103917,
        0.0019023284685992852,
        0.0016864005605784628,
        0.00011832656415894609,
        0.007028683228487866,
        0.007392675966167817,
        0.0010205944456828325,
        0.007173041443387949,
        0.006254203111078278,
        0.004907128069314807,
        0.007489486933291346,
        0.005880700693347201,
        0.003392748409064525,
        0.003009284771837513,
        0.0013860129965609252,
        0.0002713546477542493,
        0.0004746869207532659,
        0.00023295043732132696,
        0.005934541029419128,
        0.005290233747711281,
        0.004809251776028024,
        0.003537925166059003,
        0.007180449257741808,
        0.006198705602802729,
        0.003151624544369859,
        0.006795066183292118,
        0.0060847634434585615,
        0.0008409119430003224,
        0.007513181685196629,
        0.0029471627775056524,
        3.7292870680238687e-06,
        0.0016975711613135078,
        0.005454102641909053,
        0.006060963260535742,
        0.006420165535681463,
        0.0001563511653052271,
        0.0038862208692447705,
        7.698246676332768e-05,
        0.005902985722580314,
        0.004281372608307049,
        0.0017342979473504614,
        2.6263647242823965e-05,
        0.0007847802334768943,
        0.0032128106530312393,
        0.0006911948991568067,
        0.0008897784242354593,
        0.005155051893702506,
        0.0036363653588355267,
        0.005228105998398748,
        0.0006360274294773264,
        0.005232948075158484,
        0.005895150615476164,
        0.0016594946046256161,
        0.00660495437347973,
        0.0003038237866292994,
        0.005052112322925531,
        0.007340735608099746,
        0.00028577514633004855,
        0.0015329312110731427,
        5.023147866497728e-05,
        0.0021394355513735985,
        0.0007236267893976769,
        0.0015072700470808982,
        5.827884842438141e-07,
        0.007566612128189097,
        2.9710068314046096e-05,
        0.007183017764227324,
        0.0016569466042104422,
        0.0021557843558956385,
        0.0074569754546821914,
        0.0045151535380313955,
        0.0028264892407171556,
        6.925628256842286e-05,
        0.00023591705425316716,
        0.006702593044950855,
        0.007219271540213707,
        0.0027536341098597372,
        0.002825479441751792,
        0.0026558149657826807,
        0.006883213874520021,
        0.007547933672366027,
        0.00755297201965539,
        0.004963908233617952,
        0.003480444303414236,
        0.005575209482277564,
        0.0010740170224112164,
        0.000526563590150107,
        0.006363138774663044,
        0.0047493432941121145,
        0.00632447739541333,
        0.0024427012202781185,
        0.003561699057432562,
        0.005877599835003905,
        0.0009018496189344773,
        0.0008119222804075848,
        0.0022859474053617624,
        0.0074632251700317565,
        0.0005625820047336163,
        0.0005647878930113831,
        0.007536065563344747,
        0.00015205248110436396,
        0.00048182232909970774,
        0.002111637979503252,
        0.007569142464402586,
        0.007047991263099119,
        0.007166682523829201,
        0.00508952390428894,
        0.0030232372621620133,
        0.007310802483254108,
        0.005280191696989422,
        0.0028545119449762454,
        0.006928986456128101,
        0.006426059820193022,
        0.0006430544847018394,
        0.006235834961681232,
        0.004101813245560455,
        0.002361314970557403,
        0.001960610992968268,
        0.007292693052028763,
        0.007432386216062199,
        0.0007852255551972017,
        0.007538044696713372,
        0.006770767013687247,
        0.0075069687334780215,
        0.007545497720774305,
        0.007026080663404484,
        0.0003510157251867627,
        0.0038101739184316125,
        0.007105591433039364,
        0.0030521993033979294,
        0.005083405660560996,
        9.156761773529975e-05,
        0.004944850080188012,
        0.0004597104389205562,
        0.00048234464345693623,
        0.004414319355234202,
        4.1939701107348733e-07,
        0.0020649774949650867,
        0.006796097830132751,
        0.00370032010213301,
        0.007191305233004778,
        0.0009445018031631502,
        0.00012079069147384975,
        0.001117077958323014,
        0.006037323049704298,
        0.007562100997763246,
        0.0012534238273832325,
        0.0023763689843606358,
        0.0023006444413585935,
        0.003134589720677089,
        0.0013100090726468868,
        0.007521607244141248,
        0.004351126093059113,
        0.007353635776157626,
        0.0001731196459128975,
        0.005416323968743746,
        0.0035739489912013185,
        0.006742007250245806,
        0.005622111418613464,
        0.006819565068749831,
        0.00021224249078995833,
        0.0006349281816268033,
        0.007371888920474772,
        0.00018319593120943723,
        0.005520069856325798,
        0.001012094890865952,
        0.005909025497239112,
        0.004005109782655547,
        0.006798176645601093,
        0.00037701652661266784,
        0.00024164970527290443,
        0.007162282780488341,
        0.004244809703331593,
        0.005669739298996362,
        0.0055623828192516685,
        0.005483207984716343,
        2.300343912787028e-05,
        0.0015836796090767109,
        0.005713589543360726,
        0.0047407370097714814,
        0.0015082201367217338,
        0.00593654853663683,
        0.006972606894595099,
        0.0061514027426262845,
        0.001235540527632251,
        0.007428301972881893,
        0.00569029741289649,
        0.006276667747150264,
        0.00699370308858404,
        1.980435587887827e-06,
        0.007533528892376391,
        0.005463229646116862,
        0.0001220284051726135,
