{
    "name": "MetricAgent_79",
    "seed": null,
    "gamma": 0.8501654566263005,
    "gamma_decoherence": 0.29860618872497935,
    "tau_m": 2.0,
    "theta": 0.0074606501027083445,
    "chi_square": 2903.4201258724406,
    "zeta": 1.280222280864318,
    "fitness": 0.6853700726683638,
    "knowledge_vector": [
        8.860692768679456e-05,
        0.004804375134380996,
        0.007037947888515665,
        0.007020249078968001,
        0.00776337208244957,
        0.007377242227722975,
        0.00014176811064602732,
        0.007717279977309816,
        8.058896172791604e-05,
        0.003336228743896893,
        0.0009663474663870867,
        0.006977366284076675,
        0.004276429559510987,
        0.0062094482441456674,
        0.00676113555298151,
        0.0007511643417787866,
        0.007791486935519181,
        0.0049721361724808805,
        0.0051687030710303615,
        0.0018051212799207713,
        0.0044914248816095605,
        0.007446637510836532,
        3.11471040282932e-05,
        0.006159129370958266,
        0.007399668315670086,
        1.6469929465332958e-05,
        0.004592313180634234,
        0.00041451270183425815,
        1.639361258433294e-05,
        0.0044112393858640984,
        0.005166127757935293,
        0.005499949475945541,
        0.004224814381440501,
        0.007653885310440226,
        0.0061274616889803145,
        0.0010484198813424715,
        0.0022353507319492713,
        0.00048327866378515967,
        0.006114581763837139,
        0.0009123702328797963,
        0.003686317559753941,
        0.00211936194220498,
        0.007741498733003548,
        0.0020774865133148064,
        0.0047510331854246374,
        0.004002421621944207,
        0.0017292259467136298,
        0.0004766648576425435,
        0.007319451180456895,
        0.007861804266023167,
        0.0015511958094465907,
        1.1895370818205505e-05,
        2.7100690078576047e-05,
        0.007879844910071081,
        0.00788921284806829,
        0.007593598378477702,
        0.0016940394254684288,
        0.007467410260567298,
        0.007891676750876521,
        0.006479567940740506,
        0.004826090380035829,
        0.007693639888128784,
        0.0003141320377891602,
        0.0038045548384226147,
        0.00732130534372067,
        0.003845171608980697,
        0.004953526463868472,
        0.007880933303005098,
        2.4828013933546636e-09,
        0.005494694528170653,
        0.003174173884626888,
        0.003200522901928554,
        0.003789039792817587,
        0.007503611858116234,
        0.00743139282647194,
        0.007294628025935974,
        0.000215634523698972,
        0.003239958650176445,
        0.0001577576829210109,
        0.004585783489633772,
        0.007257179466430599,
        0.006851231844596677,
        0.007814986271214255,
        0.005318073153316056,
        0.0017840294551968942,
        0.00775218926585416,
        0.000391718871583877,
        1.928955841934849e-06,
        0.007765528511619592,
        0.007868787968425545,
        0.0035205717100784085,
        0.007760119281922543,
        0.0003219164390152383,
        0.0075339277850492515,
        5.704593879425112e-05,
        0.003092038265357816,
        0.00043793525721192605,
        0.0013846951794370095,
        0.002343743596683246,
        0.00656900626500085,
        0.007575025959712863,
        0.006113179832183339,
        0.002759510685275998,
        2.2243451317620022e-05,
        0.00044349771012885914,
        0.0033808163957305434,
        0.0019727173693512095,
        0.0018903010335098403,
        0.002775216671772225,
        0.0011676222754243586,
        0.002653117310153544,
        0.007838801156319384,
        0.004536603914582871,
        0.00016051329958286954,
        0.007872525980879775,
        0.0046591376757544115,
        0.00361727506504719,
        6.786660631660709e-05,
        0.0051806232850681875,
        0.006380370925536842,
        0.0007076764614531705,
        0.001143063680358502,
        0.00025240524271526437,
        0.003143777198974697,
        0.0008267432947100496,
        0.007690929204901201,
        0.0023272855712338277,
        0.00786334510212952,
        0.00209348625264447,
        0.002572469469145296,
        0.002904842882893705,
        0.0003925913858808053,
        8.09128095785902e-06,
        0.007305317461095595,
        0.00010327067121900065,
        0.00016147913771983428,
        0.007833069000575668,
        0.007808276787364116,
        0.006102723066081222,
        0.0024933043042957813,
        0.0019483933695456591,
        0.005941909324520821,
        0.00012223497706374356,
        1.7628648570333803e-05,
        0.00789547801366338,
        0.0004035560995508747,
        0.006302770664752119,
        0.007528058325314747,
        0.0025772094571785797,
        0.006039752527450333,
        0.003529350914921504,
        0.0004121651969617474,
        0.0009915529537896,
        0.00355676648245631,
        0.007865055080930721,
        0.00017221320535050643,
        0.004013704437133117,
        0.00360346148493738,
        0.0027166745153165807,
        0.00014255624986105799,
        0.0016565426020794848,
        0.00649235080230831,
        0.006222125221115051,
        0.003669810646955636,
        0.005098629217716051,
        0.0030954105714454654,
        3.7157621124584725e-05,
        0.0012692550953311275,
        0.005003625063031264,
        0.003554770540925254,
        0.007658748714564549,
        0.005121807782794322,
        0.007591494776848452,
        0.0036089295308003636,
        0.0034240908399244215,
        0.007608803832407308,
        9.365973304595406e-05,
        0.00784494301973346,
        0.0013456888454357815,
        0.0006778204253099003,
        0.007194694970969962,
        0.0007440034027171108,
        0.0011137238121802795,
        0.0003542569456963791,
        0.006626363769055888,
        0.007669604878082813,
        0.0078895394513798,
        0.007321406695341724,
        0.00012750484091324587,
        0.0007561771426417014,
        0.005901314635800867,
        0.007758148734218871,
        0.007858622615232173,
        0.004430447985621027,
        0.002417191631008364,
        0.001249631561978011,
        0.0006003666549728631,
        0.0016750100731045595,
        0.005149876387864297,
        0.003597163345912424,
        0.0033086588944603577,
        0.0009407539108531436,
        0.00785194925676147,
        0.0028838928009558037,
        9.926285720012043e-05,
        0.0002395817333494608,
        0.0003248515930526044,
        0.0051240446303555155,
        0.005706968161241138,
        0.0014201884556266687,
        0.00763145105329237,
        0.007610088955143418,
        3.6392149184140715e-05,
        0.006143034535509598,
        0.00012029033884038182,
        4.636804353286104e-05,
        0.004488044871509425,
        0.0014744454837985353,
        0.0023392467795005003,
        0.00010170684615276747,
        0.0032116283353419736,
        0.0047079380031123975,
        0.007892934791563474,
        0.00619834823735904,
        0.007763897621495646,
        0.0017549858404367837,
        0.004066660600720042,
        0.0035580884579707196,
        0.007583489227354665,
        3.6777616551455077e-05,
        0.004643605486177183,
        0.006994088259599866,
        0.006130674408753382,
        0.0068185797474461145,
        0.0022678238225737964,
        0.004193170719881665,
        0.0033667751887064695,
        0.004304936550518698,
        0.0005526477841265838,
        0.006321260409322998,
        0.0011059255445610113,
        0.006515688384276912,
        0.002544591095182859,
        0.004781737767756053,
        0.0007045655912683065,
        0.007887124957285545,
        0.005177210244731902,
        1.9321963552820045e-05,
        1.0089933321115334e-05,
        0.006735833716181008,
        0.00011803327719335159,
        0.007895354229919173,
