{
    "name": "MetricAgent_58",
    "seed": null,
    "gamma": 1.4782456505358206,
    "gamma_decoherence": 0.35152938480783535,
    "tau_m": 2.0,
    "theta": 0.8947632717756918,
    "chi_square": 2903.4201258724406,
    "zeta": 2.123328954332543,
    "fitness": 0.8535472835238134,
    "knowledge_vector": [
        0.0004105516084901908,
        0.004427490710418943,
        0.0062358232722196545,
        0.0007500495883854193,
        0.007312582791048726,
        0.006846980332818819,
        0.0005420159575122845,
        0.0074258513975560885,
        0.005952680816281358,
        0.0012332489745763581,
        0.007624104537950625,
        0.0006646331482406514,
        0.0030348480361557318,
        0.005456648524631864,
        0.007872257628812614,
        0.005313178457299954,
        0.007690262031822812,
        0.003050101013369717,
        0.0034692156399971047,
        0.004300142709828356,
        0.00010018348605019419,
        0.007986320597861625,
        0.007417498105306474,
        0.0007172549519741411,
        0.007767112311304292,
        0.006425439666959592,
        1.1877448625760235e-05,
        0.006132829507668396,
        0.0008142194243180583,
        0.0010307882787371778,
        0.006817229318318886,
        0.0021068294875819715,
        0.0029977792988019475,
        0.0019284778257698757,
        0.006113760638757457,
        0.005761343930639829,
        0.0003425759859819986,
        6.825841348225619e-05,
        0.007967259404234456,
        0.0013119914844606105,
        0.005581401250514207,
        9.267402049334004e-05,
        0.006798672243890211,
        0.007836914045517172,
        0.007822427360392467,
        0.00012205261040526014,
        0.005599702131691544,
        0.003111463260120007,
        0.006523015327139814,
        0.0024291488555838172,
        0.0026358506096738022,
        0.001097311575694313,
        0.0011035298063103818,
        0.00031238603988121704,
        0.0041464815101015075,
        0.006915563952150613,
        0.0008224015117883609,
        0.001019092164797514,
        0.008038752479508436,
        0.006976738083017211,
        0.005795660321248549,
        0.007491799537040573,
        0.0013803124532696211,
        0.004421414173550219,
        0.007891998971313579,
        0.0053489451259554986,
        0.00759752640475498,
        0.0037496383945719533,
        7.8789990853132e-05,
        0.007762794357658669,
        0.0074185050394663865,
        0.005707028212087569,
        0.007630540100372645,
        0.0062111940590849546,
        0.0028039440907255517,
        0.005957868960108414,
        0.0017429543948504441,
        0.002028406359446942,
        0.0010814669503171326,
        0.008031079678670588,
        0.007266968881977809,
        0.0028395742533535687,
        0.003211710818729073,
        0.0076335010590878,
        0.0017205037042393226,
        0.007861134728798722,
        0.005427593335362051,
        0.0074857030723860345,
        3.800274920883407e-05,
        0.007994334140286686,
        0.00500056195209328,
        0.002107428645206623,
        0.003187846883955616,
        0.004246204773592546,
        0.0026697134407915085,
        0.00012069688772490098,
        0.002884395528563671,
        0.007528099729693093,
        8.447415023165273e-06,
        0.007756920311917514,
        0.005128399869671226,
        0.0030793628762466165,
        0.0018574796014062195,
        0.002283475436367505,
        0.0007423527696434363,
        0.0040792310433410235,
        0.00029431712965916084,
        0.0018868706029360723,
        7.97901777167006e-05,
        0.00012466859507760718,
        0.0005530158258809789,
        0.0027593724020336845,
        0.007374178481526752,
        4.5817574448527883e-10,
        0.002840908998256081,
        0.007013370583835663,
        0.005146388385091204,
        0.0026051662205612536,
        0.007453606297124917,
        0.0069295820986769955,
        0.004858154045519227,
        0.0024391405280285603,
        2.5459588634396984e-05,
        0.007449648943507021,
        0.004355751760308976,
        0.0009749160377388431,
        0.007947379634426675,
        0.007911226934082954,
        0.0038523228782994237,
        0.0069561651532672126,
        0.008041894782413796,
        0.007797844252918128,
        2.0472455714495643e-05,
        0.007796535331531183,
        0.008011959434748242,
        0.00639633924808023,
        0.007709699524496425,
        1.5054698970036329e-05,
        0.007888006553394826,
        0.0003224876930797469,
        0.008024896139615975,
        0.004582214649907203,
        0.007025549500414382,
        0.007860561336833955,
        0.008016176967354162,
        1.014674009378767e-05,
        0.008032059786434197,
        0.005125350205223758,
        0.004146594734620595,
        0.004379709233233098,
        0.0035819034414169976,
        0.0073153434119627506,
        0.0002123587686471163,
        0.004838678425210637,
        0.00746107256160642,
        0.0013498617254408302,
        0.004935049733965049,
        5.74791200592768e-05,
        0.007211047513701991,
        0.0006616165912535952,
        0.006096839242535272,
        0.0014167459305276403,
        0.0006827363830210688,
        0.0004967065920518424,
        0.008033010314785047,
        0.0019211903826956503,
        0.00043648022238577293,
        0.008030804763880775,
        0.007284053003310357,
        0.002704216402642491,
        0.000201694181624799,
        0.0030621592996593616,
        3.298421734761232e-05,
        0.0020711691254137144,
        0.0003435947344676353,
        6.664614168154879e-05,
        7.50660773197945e-05,
        0.007847166682723334,
        0.00011446808258648862,
        0.0031389634865057014,
        0.0013532109610422621,
        0.0006405606736143078,
        0.00669994096336715,
        0.004733028717267984,
        0.006508769363722224,
        0.00039814646899734903,
        0.0029687599848807825,
        0.005812858126022869,
        0.006714436953187815,
        0.0006081452909296605,
        0.007276292720556239,
        0.005373785599292905,
        0.00803182228732778,
        0.006164970206938232,
        4.810434461638312e-05,
        0.0055707735769231935,
        0.0024501239000106214,
        0.006142043560850446,
        0.0033314163128892686,
        0.003218066750631389,
        0.0010177614563788055,
        1.328850592721467e-05,
        0.001617062957577039,
        0.0034643264794610258,
        0.000707423309622927,
        0.0016507911039762475,
        0.0009769612385510482,
        7.193668060590689e-05,
        0.006656719849606747,
        0.0012123809766576238,
        0.00029863599994698367,
        0.004256584614996858,
        0.006901513147295118,
        0.0013840923981084108,
        0.0010270642690359342,
        0.0011603639336931278,
        0.007762313633564553,
        0.005260866424021901,
        0.001114223604324989,
        0.0008593310246198372,
        0.0005642372651918172,
        0.002461821658565331,
        0.00018179927149857458,
        0.007433230464948916,
        0.007909650567199007,
        0.0013245445336563394,
        0.0034149838465231874,
        0.0008281663983053027,
        0.007917184857407986,
        0.007812987341452497,
        0.006053108270908799,
        0.006653121860140202,
        0.007359454163087149,
        0.005381080554723885,
        0.0012601592402945977,
        0.00012255092016088135,
        3.9267435668893914e-05,
        0.0018088892991353356,
        0.004322323182966324,
        0.001815366405837007,
        0.007202393003860103,
        9.857160471679826e-06,
        0.0036096580804125355,
        0.004165004500108281,
        0.0076921830536206635,
        0.00010564709577913733,
        0.007819073254352394,
        0.0012075675823560597,
        3.293069607300609e-05,
        6.484633091495529e-05,
        0.002166999598340252,
        0.0041690206006093165,
