{
    "name": "MetricAgent_77",
    "seed": null,
    "gamma": 1.4776512921821994,
    "gamma_decoherence": 0.4827274242391424,
    "tau_m": 2.0,
    "theta": 0.31655880978003764,
    "chi_square": 2903.4201258724406,
    "zeta": 1.8953697931035738,
    "fitness": 0.8080755334702532,
    "knowledge_vector": [
        0.006735057404185697,
        0.0017094967667821595,
        0.0013892518004708406,
        0.002356486367702245,
        0.00010812166265258229,
        0.003214560336857782,
        0.006050206511127018,
        0.003533801734986045,
        0.006347872939080482,
        0.0034912660320471807,
        0.007109144176084275,
        0.00039515634674927943,
        0.0010401695264436468,
        0.0032523676456162015,
        0.00402392635657139,
        0.004894408302868155,
        0.006525975301352025,
        0.005122727566422309,
        0.005079361222418558,
        0.0028094784521961497,
        0.002560330439669718,
        0.001570406163834098,
        0.006889230951447322,
        0.0008119554342469264,
        0.005361105229101157,
        0.0018006685668032797,
        0.005244177496042757,
        0.00646884954689111,
        0.0029654902364865993,
        0.0015072587876532018,
        0.005271555246164976,
        0.0029969546447085457,
        0.0044888122491455835,
        0.006201428653553562,
        0.007111075273453129,
        0.0007696596606671141,
        0.0020413756066870676,
        0.0015961368613111237,
        0.005617781609541944,
        0.004523869765459032,
        0.002062660483044034,
        0.00043739193882113837,
        0.005480443906912568,
        0.00681606699730281,
        0.00010701890157140188,
        0.006857798269345616,
        0.003037341054880815,
        0.0005329686081865343,
        0.004440602210896009,
        0.006727097052353491,
        0.006972493794049056,
        0.0070782466841975,
        0.006776819123217421,
        0.0062044349842455895,
        0.006086968847470438,
        0.005957694137342495,
        0.004924841835777961,
        0.007110644724695892,
        0.006596357432056803,
        0.005711702802831106,
        0.00676121639719917,
        0.0026691795721309375,
        0.0015528177677432311,
        0.0021643666387035077,
        0.0050413752401732145,
        0.006625334219537695,
        0.006491735887938324,
        0.003779908452197189,
        0.0053344851680705305,
        0.0017380165468178382,
        0.006775394888116978,
        0.00389676243668704,
        0.00657634165846799,
        0.006958678445677696,
        0.006058874732835193,
        0.004543589323898737,
        0.0029781897748204188,
        0.003233671633766169,
        0.00499577283696503,
        0.0070797399127444415,
        0.004417891102238175,
        0.0067249864858052455,
        0.007081571408343891,
        0.0065677291609511045,
        0.00018665885621899832,
        0.004397657739922236,
        0.005050040957620386,
        0.006350131757675404,
        0.006742680282785197,
        0.0020961441630770235,
        6.0232839367697345e-05,
        0.0070706895464153026,
        0.00017143065082732246,
        0.0020649023847619163,
        0.0065517609282853915,
        6.327614929566857e-05,
        0.005887517162626924,
        0.0010490961437141122,
        0.003104340419859667,
        0.0053165050433906826,
        0.004345237152800638,
        0.0071119767886019215,
        0.007021082526930432,
        0.005336806844755171,
        0.00036469490139009466,
        0.004463585776102283,
        0.003032129721690961,
        0.004240965230554076,
        0.005393409253436687,
        0.0008548731799590625,
        0.0014637931565809207,
        2.2870234428099704e-05,
        0.0004593440242670253,
        0.003887265491404616,
        2.472205296290728e-06,
        0.0014056525606738444,
        0.006515573164355021,
        0.0016160015092530815,
        0.001300764202718139,
        0.0011614582074095771,
        0.00032544429473867643,
        0.0038010113963432655,
        2.7723157459184018e-06,
        0.002983576754625286,
        0.007065681026486347,
        0.004621214146205215,
        0.00519101548863329,
        0.0051595455309593995,
        0.007019475786560125,
        0.00028930801243045115,
        0.0039236837138007154,
        0.003774461087141039,
        0.00459355288596945,
        0.0004651184089271211,
        0.00701474876953323,
        0.0017766996069066125,
        0.0006271610558075473,
        0.004961571851260643,
        0.006606103837526854,
        0.00602625911289424,
        0.002971142673497924,
        0.007067527670744107,
        0.0028863642435923986,
        0.003007189519335565,
        0.0036693544889706956,
        0.00143542947699158,
        0.004395837136983182,
        0.006331649792412018,
        0.0015397564907384965,
        0.006691577872741851,
        0.0070663687229858725,
        0.0037733701066020786,
        0.002864832977589737,
        0.006146160583339156,
        0.0017211057532404792,
        0.003339164776679235,
        0.004819726182261221,
        0.005405133123208681,
        0.006631822427476175,
        0.003549802186518629,
        0.007028649215070882,
        0.004959681957296816,
        0.004662719146685591,
        0.004018485272073498,
        0.0026813513298172566,
        0.00046806379634990156,
        0.002534931283637865,
        0.0050816412364225235,
        0.006750267062283164,
        0.0036078414513777022,
        0.004988244544864667,
        0.001987328856194684,
        0.00015285362532662655,
        0.007099903144778643,
        0.0025212087897083647,
        0.004381464795639863,
        1.5309872593211174e-05,
        0.0058861184659075375,
        0.0004239904351874874,
        0.004864262015194336,
        0.001447482638732799,
        0.001831622373492942,
        0.003410151219185605,
        0.00031380109864203177,
        0.0070049911520523155,
        0.0014815676935358072,
        5.197496083896354e-05,
        0.00662567732870037,
        0.007022660937522886,
        0.007029469801022233,
        0.0017294498793625525,
        0.001084597986474959,
        0.006671458278325157,
        0.006939034591961388,
        0.0027618324634818186,
        0.00656062268266521,
        0.004704041831153887,
        0.0014306162141315864,
        0.0007206127246914474,
        0.00496732101705401,
        0.00010844507945055354,
        0.00646185574340271,
        0.0014527513201029578,
        0.000612346541931675,
        6.779680100099375e-05,
        0.006892474616467542,
        0.00033748485632421107,
        0.004890699137318866,
        0.000704755969298667,
        0.006213320962936114,
        0.0067482152020585705,
        6.168120518840181e-06,
        0.0012082854588484448,
        0.003939298717980244,
        0.004938719328585863,
        0.00040847652143031273,
        0.006398895015926912,
        0.004199683277685649,
        0.006347736977295115,
        4.356339471032639e-05,
        0.005842233721918077,
        0.006669317464193954,
        0.0038469306945212696,
        0.006739583365302959,
        0.0007544974381447717,
        0.001880567849813268,
        0.006095886405404468,
        0.000389828649356986,
        0.0068764248134916914,
        0.00023058051045266468,
        0.0066897796448803825,
        0.004560513729534262,
        0.005975717264411014,
        0.004362228626062847,
        0.003110252383325627,
        0.007107989122186351,
        0.0002990104205909631,
        0.003322576062206255,
        0.004114011037531052,
        0.0002510662413381504,
        0.0036198763476634525,
        0.006912613942684326,
        0.006792874114641405,
        0.002805216735039397,
        0.00503699235656582,
        0.0012451209903366174,
        0.007107241640522352,
        0.0038727445274524134,
        2.4584507585442696e-05,
        0.007108725297957967,
        0.0018509923707895565,
        0.001628754919695988,
