{
    "name": "MetricAgent_67",
    "seed": null,
    "gamma": 0.6370948942868463,
    "gamma_decoherence": 0.342624080971814,
    "tau_m": 2.0,
    "theta": 2.232411003305343,
    "chi_square": 2903.4201258724406,
    "zeta": 0.9223556908501043,
    "fitness": 0.6139852682765748,
    "knowledge_vector": [
        0.001329555390403313,
        0.0063162593235231695,
        0.0076678773855432545,
        0.007688510090603677,
        0.006720369312019635,
        0.0010788490685252196,
        0.008021028901155235,
        0.00415824530327943,
        0.0014063085979567147,
        0.0074230948782645365,
        0.008016660132895604,
        0.00033913853161848714,
        0.001891090501614143,
        0.0011360402344109924,
        0.006782530304178068,
        0.0018083493436793889,
        0.005809996127211332,
        0.006576400110338724,
        0.007570495238758149,
        0.006909011647092064,
        0.006311185045260533,
        0.0013757197252986827,
        0.001527153242013583,
        0.0003282672888613851,
        0.00731422674157936,
        0.0023762514653959304,
        0.0070550214332128006,
        0.0073080356810320615,
        0.0034990352167404612,
        0.006640272743265151,
        0.0006941530694784227,
        0.007598206767149893,
        0.007941229780762152,
        0.0028688116861024155,
        0.007701107194339895,
        6.394543777777284e-06,
        0.0012333487955412373,
        0.007855958981896914,
        0.007688030185522126,
        0.00034586409519520933,
        0.0071146146736411585,
        0.0014448077804907042,
        0.004358998963938447,
        0.0006208251354375651,
        0.005449577048383277,
        0.0002799472266414327,
        0.002206755376607421,
        0.0013309567287378816,
        0.007749002923407272,
        0.00527119265974712,
        0.006304001649923758,
        0.002404376237044101,
        0.0013977063182605408,
        4.480083477094802e-05,
        0.0004515302773405475,
        0.007822481723317003,
        0.008003039241234886,
        0.007507195252189466,
        0.007860492588342228,
        0.004436140759724186,
        0.00584690419025423,
        0.00047851604563055864,
        0.007954269073639157,
        0.004409563411547191,
        0.007456216787738588,
        0.0025112684926657473,
        0.006558213080223583,
        0.00489382292039613,
        0.0015848084123816029,
        0.0008354774330229733,
        0.006890026680816812,
        0.006401108934341349,
        0.007018194463441977,
        0.005140541541238883,
        0.006802670609784931,
        0.0035093367679405367,
        0.006384381515277941,
        0.007979945778341716,
        0.007961321411472967,
        0.006053755825954978,
        0.0070319188257647715,
        6.87465487195452e-06,
        0.003721785171651474,
        0.002898610283219918,
        0.0021433119862984983,
        0.0049409567288288825,
        0.0007864806623618136,
        0.006945107742066945,
        0.007832479310441776,
        0.006472187978518033,
        0.0004369953274473906,
        0.004855553652354658,
        0.0006187954596627652,
        0.003024906598926607,
        0.0011772627043819743,
        0.00046586852865956256,
        0.0037815985383963025,
        0.00271379135058386,
        0.0024719548114602165,
        0.0008327678384910225,
        5.882368204745194e-05,
        0.008020132214788976,
        0.0068011957898635785,
        0.006841218184805733,
        0.0006336336869378868,
        7.867615252034072e-08,
        0.004213385563185395,
        0.0029638597053453634,
        0.0002603322217602747,
        4.86698855485918e-06,
        0.0023938864247711007,
        0.0068956726300193555,
        0.004086624236533156,
        9.25789464183902e-05,
        0.0068266168298079,
        0.007715009185819301,
        0.00030613526121540594,
        0.00011579355619231382,
        0.0021254548051371676,
        0.006523198786005515,
        0.0013572109508326277,
        0.006048469761221961,
        7.673345794067812e-05,
        0.00021939876984977222,
        0.00759019541970832,
        0.0038237821046868807,
        0.0025397655038208924,
        0.0004651847557741518,
        0.004212579084513311,
        0.007389425613367799,
        7.332402104415404e-07,
        0.007826205524125603,
        0.005908945725675258,
        0.001098814624770099,
        0.007912909286617758,
        0.0002586971151553383,
        0.0028337354025613107,
        0.0011341117261046048,
        0.005220805751909192,
        0.0003243516836360762,
        2.5432568967576612e-05,
        0.004766995072488652,
        0.007725544274512715,
        0.0011438793174557693,
        0.008019423307665158,
        0.006116764448198904,
        0.007863066060056144,
        0.004406100929345338,
        0.0005597097325030917,
        0.008020402183891915,
        2.36549416238368e-05,
        0.001794735282003259,
        0.003241464016968643,
        1.366114360843481e-06,
        8.02868442289304e-05,
        0.004171821772026626,
        0.007592761513784664,
        2.181486377150971e-05,
        0.007870686189814912,
        0.006739066483722243,
        0.0023901181273625117,
        0.007864119782469144,
        0.00483711483262502,
        0.007920873588718824,
        0.008009221944052989,
        0.0005227467843865417,
        0.00022808581754989884,
        0.004026484943749334,
        0.006612788650520268,
        3.721116653404943e-05,
        1.0823691585139577e-05,
        0.005350619319933254,
        0.0005575303121426634,
        0.006346117079075164,
        0.005810499500720593,
        0.00019325798992299764,
        0.0001392497672785262,
        0.007619307386505239,
        0.002652371364724925,
        0.0014475556817974574,
        0.0017879924032570794,
        0.0015439953258206904,
        0.004599473718649572,
        0.00024985244644485147,
        0.004819312924673634,
        0.005614041985059155,
        5.526542572614715e-05,
        0.0023484697301382287,
        4.470974096112683e-05,
        0.0026156376897508503,
        0.0011937271241890801,
        0.004488470648278103,
        0.007691448739610431,
        0.005310356806486015,
        2.7590369687981733e-05,
        0.004482697787124632,
        2.094378897725286e-05,
        0.006581687669078671,
        0.004479393412860928,
        0.007304940366297997,
        9.140610422798829e-05,
        0.006632160216936014,
        2.725481323135246e-05,
        0.0022841495219727234,
        0.0007965122252404451,
        0.008015685400694014,
        0.004717815398979032,
        0.003459412626425114,
        0.006639979108327973,
        0.007375754654313278,
        0.007885682187793496,
        0.0065212173424462686,
        0.003969122131365911,
        0.00423671183485977,
        0.00750656868177511,
        0.002088329567653374,
        0.007153116799724775,
        0.006425922301348333,
        4.3544952043195644e-05,
        6.22784080579682e-05,
        9.48734339517318e-06,
        0.006910271730609668,
        0.0009307655914097088,
        8.090149095528492e-06,
        0.006977580780057612,
        0.0006504590652922913,
        0.007507348182830568,
        2.6815620715017006e-06,
        0.005437827766124436,
        0.0013632212023695321,
        0.002378432802021027,
        0.0022207620749442533,
        0.005720656728147364,
        0.007488345773596134,
        0.0012213548277501425,
        0.0029930372697063805,
        0.005546866563202979,
        0.007715238984856855,
        0.00041269486599351677,
        0.0015744634278878928,
        0.006730840018767429,
        0.0005312338056404673,
        0.0062030553285782365,
        0.0018336333963201127,
        1.516304849722759e-07,
        0.007713956543911563,
        8.694386429723657e-06,
        0.007224533778708129,
        1.6033523232249652e-14,
        0.007830870435635937,
        0.0031464461479395055,
        0.004095252821511397,
