{
    "name": "MetricAgent_4",
    "seed": null,
    "gamma": 0.8634961608849249,
    "gamma_decoherence": 0.26408427904385123,
    "tau_m": 2.0,
    "theta": 2.650618307318674,
    "chi_square": 2903.4201258724406,
    "zeta": 1.3416411321912494,
    "fitness": 0.6976214892864036,
    "knowledge_vector": [
        0.007645088507058799,
        0.0067373289988607735,
        0.0025143025178614715,
        0.002727807281816404,
        0.005258518018395608,
        5.6090829743563645e-05,
        0.006500929682405206,
        0.00012617108616651393,
        0.00024283396562006814,
        2.2520221848857967e-07,
        0.0021586800409368815,
        0.0002905871008173749,
        0.003816745746645298,
        0.006630941672975402,
        0.005897500294796479,
        0.00591856512014374,
        0.007868217457254226,
        0.004925408216618431,
        0.0007446625030630203,
        0.0007257226688421361,
        0.007307386327383039,
        0.0041050203330141154,
        0.00694094342041591,
        0.0032974291582988694,
        0.006074965391936659,
        1.925413367908581e-05,
        0.004348860526551248,
        0.007757855009291039,
        0.0008278968020780459,
        0.0018660698428775062,
        0.007282874809950339,
        0.0015133902142020585,
        0.005710042340393347,
        1.4616362157114522e-05,
        0.006915531317137878,
        0.007855792156850476,
        0.0071811563743583275,
        0.00012947754907558567,
        0.0012469763808816137,
        0.0003739074147398989,
        0.006022400025802216,
        2.7635595574471168e-06,
        0.0034393980787845117,
        0.004882450925923675,
        0.0022416702139155687,
        0.007242221399751272,
        0.007891450798421545,
        0.0018503295625641601,
        0.00027327321720175006,
        0.007912788938002449,
        0.0004407371402263831,
        0.003715906050154208,
        0.00671043071974756,
        0.005747227614321395,
        0.005507047525644614,
        0.007452549033660407,
        0.004586622880613765,
        0.0032220428234420997,
        0.0029031915334322388,
        0.00023489714095001132,
        0.004160159962637668,
        0.0005243062469282439,
        0.003763856102258247,
        0.006077412216345266,
        0.0074623842076556365,
        7.623670775537917e-05,
        0.006421771597468269,
        0.0011708025199059573,
        0.0006933956510231927,
        0.005575834036740565,
        0.007211017479701606,
        0.0037257559600267216,
        1.944845663072326e-05,
        0.00041316264929959723,
        0.00788269822721836,
        0.005576473783199476,
        0.007181808968308646,
        4.757633118222007e-05,
        0.0009645892238717675,
        0.0026321752204676568,
        0.0036327410548313488,
        0.0008417317656333836,
        0.0006277431009707805,
        0.007116959591146897,
        0.0033667936682369973,
        0.007728767335284784,
        6.094738513736019e-06,
        0.0018692778515532753,
        0.00140705546215803,
        0.003966154960661827,
        0.007456605516727586,
        0.003014462955412995,
        0.006657628908841329,
        0.006380002786088472,
        0.0028610452264116832,
        0.007213313543870741,
        0.0017077225600649361,
        0.0035360444867131038,
        0.003992112306000926,
        0.00023170407550902926,
        0.00011486233885788691,
        0.0031858279555727694,
        0.007563942669931155,
        0.006953258237636102,
        0.007717804945430351,
        0.004366412232435467,
        0.0074417639486838065,
        0.00350885675651995,
        0.002135761747188592,
        5.507076543186781e-07,
        0.007839212636009332,
        0.0064244149910757135,
        0.007418823761546375,
        0.00547692711535695,
        0.006129445426575893,
        0.0028032734348305,
        0.0016772524574047943,
        0.005810854404685167,
        0.0076400762044538046,
        0.006261443527198075,
        0.0037337913694988132,
        0.005827856932115162,
        0.0076164324060862066,
        0.007913058443898028,
        0.0002122601100165567,
        0.0025751687634835,
        0.001982731742819863,
        1.2880892807642606e-07,
        0.006020568204297603,
        0.0028783449414138775,
        0.004763804082299422,
        0.00532889384460079,
        0.000995640058961364,
        0.0034103046111473253,
        0.0007823625741675974,
        0.0024728116891268165,
        0.0077735294732501365,
        0.007796175648591381,
        0.005782412224397978,
        0.0006673405334214236,
        0.00025613139249162345,
        0.0003102926229826227,
        0.004813315269842797,
        0.0023917479717820616,
        0.003989370224673354,
        0.00298968492791769,
        0.0009370122959750059,
        0.0024973014453381678,
        0.004894624232656197,
        0.006313491531112064,
        0.007809999976288008,
        0.0004187083547716826,
        0.0012807593672551285,
        0.007268019270503938,
        0.0031578297358397186,
        0.005551376746534289,
        0.007883810265736261,
        0.0037634007408088224,
        0.003763510469844904,
        0.0019518516051776026,
        0.0009786189702812023,
        0.002380533834146367,
        0.0033864849959019793,
        0.005699047683981369,
        0.007903732664283935,
        0.0036025889536560355,
        0.0014329895544472394,
        0.003591326890538627,
        0.003767617361952959,
        0.005823266299109396,
        0.0006132331643810834,
        0.004343589004517247,
        0.00697881526129949,
        5.506473640944121e-05,
        0.0071169915793153895,
        0.0004910580513499226,
        0.0009710054535384551,
        0.004400274605311535,
        0.0019017575939162766,
        0.0024631213131940783,
        0.004535773647448984,
        0.0057560914995390825,
        0.0043368028112600815,
        0.00700880987483904,
        0.007912247869934629,
        0.0061744621938181294,
        0.00022565450918913152,
        0.000926826239156413,
        0.004117505600084881,
        0.005052321294157938,
        0.007072204480396249,
        0.004435409382282027,
        0.007222645559918706,
        0.003381268366475658,
        0.007035281739414772,
        0.0014306564938829482,
        0.007295687982199145,
        0.00013479451172577293,
        0.006852418582219736,
        0.005307661000694812,
        0.0007276557642472519,
        0.0003224225861547477,
        0.007611744568094391,
        0.0005512555598732238,
        0.006565222007829811,
        0.00011810787511083681,
        0.006792282060258732,
        0.0028081760702015363,
        0.0005448110644880576,
        0.004711589104460189,
        0.007808513561173336,
        0.004969180279866656,
        0.0011013785658201757,
        0.006954428569691367,
        0.007913505049603224,
        0.007352080747030198,
        0.002042185619746883,
        0.00772795726920736,
        4.118556950507742e-05,
        0.003035268142720242,
        0.007459835215291983,
        0.00469091290886111,
        0.007888502368719078,
        0.004909600489272002,
        0.003250370615009659,
        0.005018066246044114,
        0.007588990485812509,
        0.0004243586208422218,
        0.0002120048888631289,
        0.007702514877168946,
        7.236700924846382e-05,
        0.006548266694192897,
        0.0031724841459251354,
        0.002770113586418522,
        0.00784695170885673,
        0.00022902979669629791,
        0.007620081559386378,
        0.006205640863780987,
        0.004077918970158699,
        0.0017796712586349939,
        0.006972369173592142,
        0.0011125536029612864,
        0.0052396823767039405,
        1.6260588643738933e-05,
        2.189319037215562e-05,
        0.00012321292152111306,
        0.004857734802399929,
        0.0001736614762909561,
        0.007529516964112213,
        4.136561764676023e-06,
        0.0017973773808557577,
        0.0036799259062025116,
