{
    "name": "MetricAgent_104",
    "seed": null,
    "gamma": 1.025653054371745,
    "gamma_decoherence": 0.2723856787341796,
    "tau_m": 2.0,
    "theta": 0.9890328366748594,
    "chi_square": 2903.4201258724406,
    "zeta": 1.5815830230402868,
    "fitness": 0.7454834731138802,
    "knowledge_vector": [
        0.0051695650362566,
        0.0003164732315989601,
        0.005312093232895063,
        0.003511660781850257,
        0.0010661459332684765,
        0.00728931210691902,
        0.0008365513507708563,
        0.007645116905377769,
        0.005891289162858549,
        0.007084368655557291,
        0.007664567785180703,
        0.00014185422830207442,
        0.00038996681286702835,
        0.0011565365298556462,
        0.005765104736253321,
        0.005705350527516942,
        0.006954232687652462,
        0.0056353944444078805,
        0.002774231927438368,
        0.0006522170723930741,
        5.406720146938445e-05,
        0.0011561484871410786,
        0.002177556888736173,
        1.4031324806820747e-05,
        3.4263374148139225e-06,
        0.0012209661187296177,
        0.0042801563726409635,
        0.005855196784151222,
        0.00755226564021989,
        0.0019781809957588967,
        0.0032702210424807618,
        0.007496282671864733,
        2.2786581575569153e-12,
        8.744805240245149e-05,
        0.006380268181928755,
        0.001865161677767363,
        7.666513932988586e-05,
        0.007718934016878112,
        0.0006094669918576526,
        0.005683472932168312,
        0.0002725648766225118,
        0.0007443436284668775,
        0.0016664039837738028,
        0.0077187228876909215,
        0.005229315041642544,
        0.0030918967340377206,
        0.001538921944738133,
        7.232843638776289e-07,
        0.0003823646657321504,
        0.0008409525855157931,
        0.0030829438634371142,
        5.803410763630179e-06,
        0.007091186706685849,
        0.005826046755104499,
        0.002093262071254536,
        0.006111011714540453,
        0.007417615115514533,
        0.007599294036273675,
        0.004671725085892751,
        3.5595100130631406e-06,
        0.002370330096099239,
        0.003247299069676094,
        0.006434510426970608,
        0.007089669927414814,
        0.00646533928682276,
        0.007334052558019167,
        0.007451353794222027,
        0.005527543956691549,
        0.007103616835118795,
        0.004349829287498283,
        0.0038662080789393753,
        0.006319379535562547,
        0.002397512740949846,
        0.004642662230145545,
        5.506346075486957e-06,
        0.00036079824838002207,
        0.007032028619812826,
        0.006347501414039635,
        0.000638814068468384,
        0.00520129182853675,
        0.006837599624874833,
        0.005484195627198752,
        0.002312778369388167,
        0.00741572577332872,
        0.0004880121782987844,
        3.039565230331987e-05,
        0.004379838239642524,
        0.0018782623337698064,
        0.007400559353094902,
        0.005019479254643919,
        0.0065745572789882205,
        0.006716284093613969,
        0.00395786636049178,
        0.0016475875114980586,
        0.00415276743574621,
        0.0030499182325456043,
        0.0033784804002008487,
        0.006162793943199425,
        0.005260459347558725,
        0.0010557238818367663,
        0.0007381072828540141,
        0.00534462023705238,
        0.0072130012347439475,
        0.00043154295696098017,
        0.006844070798668826,
        0.000510746365754839,
        0.0024576970109227345,
        0.007623591496024557,
        0.0016474803908098923,
        8.026072265126162e-06,
        0.0011591228901005127,
        0.006936620080260682,
        0.007716469209303872,
        0.0027319296567892277,
        0.006953594458366104,
        0.00639579784507502,
        0.0014210365738665258,
        0.0003738250034154555,
        0.005341786764527962,
        0.005558601108689537,
        0.00041683798678368626,
        0.007352586873726983,
        2.515924139748291e-05,
        9.453502376117693e-05,
        0.0027102795717827964,
        0.007709017037284368,
        0.006350631601420806,
        0.0005029182590783168,
        0.0016899260937439677,
        0.0005063895395593221,
        9.084193348850808e-05,
        0.0006481970005115484,
        0.007618217293853915,
        0.00033126197413729574,
        0.007615941242528923,
        0.004567259673471722,
        0.006393801016219357,
        0.0009006801851032421,
        0.00027669704121448697,
        0.007185464436398052,
        0.00022586219559535793,
        7.237408062587822e-05,
        0.0011746888201212352,
        0.006294908874151397,
        0.001591105835251681,
        0.0007294942386388519,
        0.005116208400212701,
        0.007564290788709395,
        0.007081798567364426,
        0.0033148037513601597,
        1.684265735146137e-06,
        0.007384649675556294,
        0.0065304688110435095,
        0.0054041374441882615,
        0.005263520372927753,
        0.003871705394586489,
        0.0001620816125741047,
        0.007142373381566641,
        0.004000964394023701,
        0.003834542945807404,
        0.006802750640054189,
        0.004118764807659698,
        0.00708426633249196,
        0.0051739168512441565,
        0.0023426956333518155,
        0.004792916836669498,
        0.005925619614424577,
        0.007067481040452304,
        0.004794791478425311,
        0.0009286298172015571,
        0.006584508002786929,
        0.00011778902378431831,
        5.3186796702877175e-05,
        0.006514396609293425,
        0.007473354469648122,
        0.006712820676660754,
        3.0189910299917856e-06,
        0.007068592804888008,
        0.003097122412592313,
        0.005088891780917041,
        0.001185952557182219,
        0.0005499853857023877,
        0.007659985894368127,
        0.0024951792165545566,
        0.007125108609546078,
        0.0019028111766183,
        0.0025191914614203425,
        0.0010245838132155252,
        0.0036121869611192453,
        0.004358678462934677,
        0.0007860909466138882,
        0.0034158364500945122,
        0.00010423860101079952,
        6.780562871612313e-07,
        0.002845496727022236,
        0.0004963936923334487,
        0.005868363160085311,
        0.0075393233880420305,
        0.0063190879833474115,
        0.0023671406765448317,
        1.771287215956732e-05,
        0.0011334151801857522,
        0.0058737218558103784,
        0.005474272280609154,
        0.0062481699693827455,
        0.004147796389198056,
        0.006033293630277251,
        0.006178255975738512,
        0.0057696904388376685,
        3.0111635676919376e-06,
        0.003840530345423948,
        7.146705341421728e-05,
        0.007239499735262516,
        0.003656849647573517,
        0.006778044319434859,
        0.007351787318205509,
        0.00013654813654450382,
        0.0065526375226749025,
        0.006472192370353263,
        0.004491911863463318,
        0.00499322193411787,
        0.007446465102470022,
        0.0002746255049722657,
        0.0028045642892756094,
        0.007524767335241021,
        0.0077099823612921635,
        0.0063007231190672685,
        0.00030543564504165296,
        0.005033112034046853,
        9.645593970995565e-08,
        0.0068875335844340545,
        0.004873370584566422,
        0.003328755590733008,
        0.00043137991718777713,
        0.007565885660405996,
        9.887066175846877e-06,
        0.005609809494798907,
        0.007717996257486465,
        0.0005999221926756006,
        0.0011432677310040397,
        0.0069281700321625495,
        0.007678206168398864,
        1.750439884548174e-08,
        0.006958767340146808,
        0.0003898596039770067,
        0.0027353704329032952,
        0.007316022119837874,
        0.007604874091464957,
        0.00010259274922491881,
        0.00719394719048291,
        0.006167483881703189,
        0.001125156369305145,
