{
    "name": "MetricAgent_82",
    "seed": null,
    "gamma": 1.426886917083847,
    "gamma_decoherence": 0.3925304755922334,
    "tau_m": 2.0,
    "theta": 2.5555308691832073,
    "chi_square": 2903.4201258724406,
    "zeta": 1.977159476691715,
    "fitness": 0.8243903857842785,
    "knowledge_vector": [
        0.006171746129573005,
        0.0029456346164186665,
        0.004253516850084286,
        0.007517820698467384,
        0.004442778255467916,
        0.004078031617482451,
        0.004405811159738051,
        0.005330583960000745,
        0.003605735320467612,
        0.0003150737111749842,
        0.0015789341953075197,
        0.007510325227544793,
        0.006644970584133946,
        0.0018498508340911118,
        0.007428562176038366,
        0.0063628108861590454,
        0.005185490206729504,
        3.8758638697387775e-05,
        0.007358713887927416,
        0.007534788030655735,
        0.007420882327887264,
        0.0008293953525432058,
        0.0014011573454200989,
        0.004467730585693425,
        6.257906304789458e-07,
        0.0009286372923402161,
        0.005932119223248658,
        0.0075794223750843765,
        0.002629486214181583,
        0.0002793033176559711,
        0.000772217168621947,
        0.007453809549643452,
        0.0005230776947098421,
        0.002450158921592664,
        0.0029786171528475543,
        0.0008602971747752047,
        0.0004644768945617305,
        0.004580002442002795,
        0.007293739491747284,
        7.57355322012414e-08,
        0.0015529822349334324,
        3.347136474616143e-05,
        0.0038909380994683013,
        0.004513631401950161,
        0.00047294152727423805,
        0.002056529404282138,
        0.0002635969191884319,
        5.7032931749770016e-05,
        0.007601119414456601,
        0.007596584587356865,
        0.0067199746551195585,
        0.0037393592371479873,
        0.005794542890919441,
        0.002470008157212661,
        0.006579064199501025,
        0.0029794379640346947,
        9.978711253352487e-05,
        0.006245353730934398,
        0.006728795379027248,
        0.001400974026656893,
        0.0016788018302499811,
        0.004148343847094663,
        0.004292502904134956,
        0.005249289068078114,
        0.0075940787933830274,
        0.007397751193043079,
        0.001531611960550843,
        0.00616036038364347,
        0.0027619741910472244,
        0.005057586099796031,
        0.0006818520080858691,
        5.880395739420604e-07,
        0.004475441390757421,
        0.004452053611174765,
        0.0007915907460651836,
        0.007599883312681938,
        0.007208991668546688,
        0.006033634170010652,
        0.004275525849385799,
        0.006294910888374975,
        0.0007737816453258537,
        0.0008564032076730425,
        0.0074740836521474,
        0.004646286389985309,
        1.8770356014416167e-05,
        0.0046283822101564264,
        2.0418404184484772e-06,
        0.0002865613098360904,
        0.004822959565100998,
        0.0001218534736956321,
        8.944672633724932e-05,
        0.0017654831423460455,
        0.006580055359518818,
        0.007246983493575409,
        0.006437125973251309,
        0.002979933126423804,
        0.0013978316103121,
        0.00751551101095331,
        0.0049672802641347776,
        0.005013908695679013,
        0.005421680941137081,
        0.006733752562465885,
        0.004293373250042328,
        0.007585448115700758,
        0.002145088063203681,
        0.0034824338808030213,
        0.0038506316335634606,
        0.0001223507993979576,
        0.0034004478976344178,
        0.0006681360390572518,
        0.005606125639662981,
        0.0034498104610461945,
        0.00044991552370979797,
        0.004557475302353298,
        0.007487333542233157,
        0.006791309836062024,
        0.00019238207297372404,
        0.0070167238265834595,
        0.0027509897103698226,
        0.003457480806851527,
        2.442986078892552e-05,
        0.0012084665926788234,
        0.0036707125284170515,
        0.005890421663349447,
        0.006427693617035137,
        0.007328070371618453,
        0.007547037045105688,
        0.0023550700924633585,
        0.000387383058305004,
        0.006489549848884754,
        0.002481764199550513,
        0.006381597865718997,
        0.001206887339025419,
        0.0035014025005868656,
        0.007581413305641478,
        0.0005965597884648848,
        0.005172492625388821,
        0.00734438927460691,
        3.308904241079294e-05,
        0.007386116395276224,
        0.007599445184368605,
        0.00675763698507664,
        0.0041833667515163665,
        0.004259294671757507,
        0.00688641327127062,
        0.0004383636714018515,
        0.0019265158282071979,
        0.0009752936835297307,
        0.0028797492222969226,
        0.003839438756999238,
        0.004388322081143182,
        0.007531156238326491,
        3.6330437457219354e-05,
        0.006670207259222133,
        0.0074211702008377175,
        0.0057043072723978435,
        0.007438931397313638,
        0.0074578505276105544,
        0.006622338811825181,
        7.571358287651881e-06,
        0.001639329797652154,
        0.007075405321014893,
        0.0020946854644189393,
        1.6352917226021727e-05,
        2.6151369513492505e-05,
        0.00209832745994686,
        0.004240722721685262,
        0.007176823980241516,
        0.006137544431294177,
        0.0024465332631907564,
        0.007017208691168144,
        0.0043563863376840815,
        0.007112129651223512,
        0.004724147034294648,
        5.906135384426408e-06,
        0.004702856645255979,
        0.00026719373870559207,
        0.0035831316315965856,
        0.0034681228444806717,
        0.002697641435183561,
        0.0065676426066388115,
        0.005438229624144798,
        0.0033649757654541103,
        0.0012709743120310239,
        8.322711104214633e-06,
        0.004585497990683048,
        0.0007168451351222652,
        0.002130462455630537,
        0.002358036843580528,
        0.006873180258739122,
        0.0062835402541068465,
        0.0058580347826879715,
        0.0031828093427947574,
        0.005678554569795605,
        0.007600521465593603,
        0.005678160789196018,
        0.0012271274063200672,
        0.006972438670706678,
        0.0015735288914947934,
        0.007405520171661652,
        0.0023225932572393843,
        4.642037927055864e-05,
        0.004538472055303854,
        0.007233724999517938,
        0.00010104375321105341,
        0.0027529233336138614,
        0.004162343787121762,
        0.002438012392410751,
        0.006117266849304607,
        0.0031344680799035044,
        0.00716958621931458,
        3.499541955021515e-05,
        0.0030847035659026527,
        0.0060390629885593815,
        1.4942256157089623e-05,
        0.0004762102131161612,
        0.004195025718626956,
        0.0012550327992380385,
        0.0010292484687564624,
        0.004174042572093193,
        0.005105548302108276,
        0.006931207750290435,
        0.00023548639138476897,
        0.006261804888878339,
        0.004371804826609514,
        0.00720051679481931,
        0.006923815049952006,
        0.00424428071499116,
        1.6566562524249891e-06,
        0.00024106404674246838,
        0.006424585758532009,
        0.005062151283993377,
        0.0012514259319151688,
        0.0002709168404103849,
        0.0006179922543579246,
        0.0073174010541326275,
        0.005960403265711616,
        0.00633921719425252,
        0.0034137533107903776,
        0.004510841491802061,
        0.005760094386637221,
        3.303702955425174e-05,
        0.003322346681229048,
        0.0001623983689052938,
        0.0014598299713175185,
        0.0064403741082063185,
        0.0046459846463207145,
        0.006610527657680013,
        0.0007542220201109182,
        0.005730431649997453,
        0.005159506448428168,
        0.007420229308053373,
