{
    "name": "MetricAgent_99",
    "seed": null,
    "gamma": 0.5895945280770138,
    "gamma_decoherence": 0.49789154212407094,
    "tau_m": 2.0,
    "theta": 1.773820544097256,
    "chi_square": 2903.4201258724406,
    "zeta": 0.7467052804102027,
    "fitness": 0.5789477136669315,
    "knowledge_vector": [
        0.002204381041194209,
        0.00358733538544694,
        0.005932604282009527,
        4.600368390521307e-06,
        4.459984757477865e-05,
        0.005110102450489931,
        0.005741203112055622,
        0.0042597815369941425,
        0.002048743468556888,
        0.005618240410078112,
        0.006978953653665508,
        5.8727182266414804e-06,
        0.0007658100708741581,
        0.0006119090538967948,
        0.006694417518017403,
        0.0032450272548337385,
        0.005133349242849336,
        0.00026536626394775174,
        0.003231710792035194,
        0.00741330873106085,
        0.00011410358969754665,
        0.00236685341503945,
        0.006130206718023338,
        0.0038476702597566017,
        0.0013160354663843007,
        0.0072283032721948606,
        0.0032922300206623054,
        0.0013539574206295991,
        0.0021886918318238294,
        0.0018077487256861347,
        0.0018722175833590722,
        0.007222860834425263,
        0.006142329864402983,
        0.006890214073561404,
        0.007534867117526456,
        7.365895125934529e-05,
        0.0055644763361859745,
        0.006335140801667146,
        0.0032229045063224228,
        0.003885425982300457,
        0.005512845251380174,
        0.0050024656750371444,
        0.00446184186417356,
        0.0025213363733932598,
        0.0030818410731326233,
        3.2144155217184906e-05,
        0.0011087929939175966,
        0.0007927839899816631,
        0.007538413061947068,
        1.2105188514832649e-05,
        0.003250776117610485,
        0.0038477552023795103,
        0.006452790008301265,
        0.0072072829637797745,
        0.006371687854121698,
        0.0026039760079685885,
        0.002130635311524139,
        0.006412418485361144,
        0.0011535695412381774,
        0.006549994822137716,
        0.00326971179326698,
        0.0010486312651323117,
        0.006131580521248055,
        0.002122393354243123,
        0.007490262971503946,
        0.007105137848063739,
        0.0002674001669932636,
        0.006923694675982539,
        9.864227676829624e-05,
        0.0046620242291177845,
        0.0009490007193170694,
        0.007301486434771914,
        0.0005869967674157674,
        0.0035591666444803266,
        1.7379097854834225e-05,
        0.007716449885535891,
        0.00025979923223728876,
        0.005399069761667359,
        0.005482438401809424,
        0.007467264998042292,
        0.007709509045659817,
        0.006246801818993274,
        0.007771185125238832,
        0.005742221001814965,
        0.004126223921847318,
        2.3672749434532136e-05,
        0.00030900568329661135,
        0.0003762360594125745,
        0.007650133098166323,
        0.007377887404335028,
        0.002688007051389631,
        0.007676900416232311,
        3.241703559924048e-05,
        0.007292729268140147,
        0.005351380927743306,
        0.004359309623442807,
        0.0014025701696374635,
        0.0014460311654095914,
        0.0008776829018464186,
        0.007346328605480625,
        0.001192193057544674,
        0.0021228972947072698,
        1.8012361581233587e-07,
        4.978512251804217e-05,
        0.007764730549463688,
        1.0290596630305397e-05,
        0.005859342586395573,
        0.007594151195914816,
        0.000359361129107287,
        0.006909329109586897,
        0.0030987439049286795,
        0.0003770755761892741,
        0.005648961098136839,
        0.00300893675822359,
        0.0010818735603964355,
        0.00025442136694948237,
        9.604106412216377e-07,
        0.007063189803798662,
        0.004826598669458413,
        0.005265157115984837,
        0.0017054286976512741,
        0.00033280567489341495,
        0.00013653540839223682,
        0.0017459947936261083,
        0.006087145468542206,
        0.0038001249288879537,
        0.00047352737401576504,
        0.0007547257486418738,
        0.007769186080301926,
        1.8694543082652891e-06,
        0.0036425019875792226,
        0.0076150700344534685,
        0.0025053279975319614,
        0.002634555447039861,
        0.006527263012670091,
        0.0077643861469860395,
        0.00685923094627018,
        0.006142080277085326,
        0.007453216417018658,
        0.0075454959192353,
        0.0007800060687871781,
        0.005015248971004331,
        0.0024687774195897125,
        0.006926862217622119,
        0.004567305255478105,
        0.0076604317005121835,
        0.007691846493621515,
        0.004731916434997086,
        0.006613697470182397,
        0.002078347634941182,
        6.385551366017476e-05,
        0.00540866065196413,
        0.00677843825105594,
        0.005332222899379568,
        0.0009703607503355222,
        0.007309309994362212,
        0.005942756166266228,
        0.00234855008604523,
        0.006771521285667153,
        0.0026419800933744036,
        0.007764032435591738,
        0.006868119457392677,
        0.00011513195250531841,
        0.005033998633509995,
        0.0077263957405613835,
        4.781096948092898e-05,
        0.005162105191059795,
        0.006043516020945958,
        0.0011188699414429648,
        0.005449429727597745,
        0.0001520135576348141,
        0.007707129866018178,
        0.0009113254059078109,
        0.007677791645884227,
        0.007593428987688945,
        0.0063438895949963795,
        0.0035286555877544275,
        0.00773247577001389,
        0.0028885037859286903,
        0.004331907074258548,
        0.0027344659486323725,
        0.00548536172361315,
        0.0049309093516174945,
        0.0006831221631892274,
        0.007769275182546716,
        0.00587662051491189,
        0.007673705568941106,
        0.0068154935489931285,
        0.007498023746775032,
        0.0026804903319158054,
        0.002441040356099365,
        0.005698964478600785,
        0.005743305551783613,
        0.001320564103604067,
        0.007245446085102281,
        0.0002926605208923936,
        0.007198523169997872,
        0.0058322439071824385,
        0.00255323234269475,
        0.005546745343641846,
        0.0015287575757034855,
        0.005706968585764473,
        0.001117662078187829,
        0.0021443946251260425,
        0.0013699855663432175,
        0.0015905200461458849,
        0.00023336358420418632,
        0.00030316924991409034,
        0.0005518058442107315,
        0.00765096885863213,
        0.00535122717284953,
        0.0074013513543912035,
        0.007757288219407507,
        6.594081703270571e-05,
        4.643646409661825e-06,
        0.006410351913068614,
        0.0005086323057755794,
        0.006470449732065654,
        0.004319477176147364,
        0.005521165427353129,
        3.844610829934193e-06,
        0.007738997743608562,
        0.007268959579203989,
        8.407967581825025e-06,
        0.007769549694232457,
        0.005129681008205962,
        3.262410467891337e-05,
        0.0018359866556622053,
        0.0014781955193806679,
        0.003730680231803143,
        0.00222409734252167,
        0.0004789512107765707,
        0.0002634906731182928,
        0.0006883358355820353,
        0.0041964269454792735,
        0.007528816769074746,
        0.0009103515151977691,
        2.1042884061533536e-05,
        1.912033798523608e-06,
        0.005600749007005562,
        0.00122769927711083,
        0.007498185740171157,
        0.00761887245290967,
        0.007434426792625102,
        0.0013085602141403208,
        1.4017178542328582e-05,
        0.0024974033055450936,
        0.0013843887563661237,
        0.007521007582566347,
        0.001937790617796991,
        0.007672734262584027,
        0.002794661747709458,
