{
    "name": "MetricAgent_95",
    "seed": null,
    "gamma": 1.113144269460399,
    "gamma_decoherence": 0.38838630887078573,
    "tau_m": 2.0,
    "theta": 1.362166257160145,
    "chi_square": 2903.4201258724406,
    "zeta": 1.548001893789133,
    "fitness": 0.7387849368164467,
    "knowledge_vector": [
        0.000696620708545406,
        0.00014080506136613332,
        0.003216664744907981,
        0.004757010524765478,
        0.0001701428246831477,
        0.0026136487080230886,
        0.007649642245334537,
        0.0005414821694046674,
        0.001632520431932515,
        0.007485233646968511,
        0.006570286362415589,
        5.420383768467796e-06,
        6.27630385929339e-05,
        0.0007819199606885539,
        0.0038590572662010733,
        0.005637077445256969,
        0.007772020538135602,
        0.006322360384187352,
        0.007756987708907846,
        0.00732815889848524,
        0.00034213193849630646,
        0.004689188656183167,
        0.00016816860610662144,
        0.005630846236501474,
        0.007239637542448361,
        0.002660819110042964,
        0.0001498892482484251,
        0.004695394713910064,
        0.0038411034432969094,
        0.003512946986508327,
        0.0003865578502367078,
        0.0023509277268420193,
        0.0003464396127699302,
        0.00635131671681286,
        0.00786511840075077,
        0.006618931485026501,
        2.1964919083966304e-05,
        0.0027873758730554412,
        0.007647401426484962,
        0.007472179807721329,
        0.007849098080900275,
        0.004419203804906907,
        0.0014094373412801386,
        0.00603441799506213,
        0.006490380797541045,
        0.007453988433129252,
        0.0009701220995503364,
        0.0003156182269316272,
        0.00585100640695325,
        0.00596906517938687,
        0.007466804745157274,
        0.006259763335749969,
        0.007175593546272993,
        0.007854153250682446,
        0.0038086483053424033,
        0.005705634103050216,
        0.007101392750284424,
        0.003649153388564818,
        0.0013543500975163488,
        0.0010362467373433392,
        0.00663651967216217,
        0.003785121498634086,
        0.006317087559203274,
        0.0007541006018908956,
        0.006561416603180108,
        0.002675496376985178,
        0.005087792861762685,
        0.006920058602319043,
        0.003520059872822969,
        0.0019435569587252564,
        6.156453273398779e-05,
        0.005993202262131031,
        0.007558121497377803,
        0.0057541642990736,
        0.00767954213295055,
        0.007808656652936672,
        0.007662754377066308,
        0.0017291987484121855,
        0.0019033884712568777,
        0.0048318859556282096,
        0.0005430561964605615,
        0.000297216754871045,
        0.006764576314012011,
        0.002838286714153545,
        0.0012588574834670407,
        0.0004800774481091483,
        0.0017952467207999177,
        3.6915825739249616e-05,
        0.007854508619068827,
        0.00025603924589490487,
        0.00770869406971975,
        0.007465079192927393,
        0.0063759928519005575,
        0.007579229629734523,
        0.005610333504131893,
        0.0002459767969105755,
        0.0029472920292043995,
        0.0006216882204840363,
        0.00021068358907277242,
        0.005796813680996898,
        0.00044882013464382463,
        0.004175106410770583,
        0.002059839565437021,
        0.006892731499271142,
        0.0019138481121633113,
        0.0005488095551949464,
        0.007615680550746983,
        0.004866587937489414,
        0.0008602884524078584,
        1.549142156153135e-05,
        0.001241525922667086,
        0.00708646075735466,
        0.006590752691998566,
        0.007401251474787558,
        0.007514493069602207,
        0.0006233356400610099,
        3.756952786606358e-06,
        0.001606413116920226,
        0.005840490618606225,
        0.007844814982920173,
        0.0008009961248561909,
        0.004939656356824152,
        7.404260536433626e-07,
        0.005726881793917578,
        0.006081639601154543,
        0.0069144855404576,
        0.007036095363596064,
        0.002694241254871607,
        0.00465595313497463,
        0.006533411780050148,
        0.0019251072134288728,
        0.001902496479777402,
        0.004041892975643939,
        0.002538626512665338,
        0.002501534003610791,
        0.0051767039579917965,
        0.006358336183525568,
        0.004061574557776123,
        0.005738967552950185,
        0.00766525159154959,
        0.0015422154168044805,
        0.0016202428976575746,
        0.003684973610979121,
        0.006810357608325843,
        0.0009769615987634504,
        0.003120637775597634,
        0.004428966593123554,
        0.0065843185525716625,
        0.0025330666229809377,
        0.0028378699893141664,
        0.00039582174232446294,
        0.006446813734270756,
        0.0001748209002124311,
        0.005848594309733803,
        0.003050663025971254,
        0.0061742070856908035,
        0.0031332260138199394,
        0.0008186039535222587,
        0.00157565497159502,
        0.0020816926576410016,
        0.005902448305019287,
        0.007867395290463437,
        0.0013030724047902007,
        0.007610797841645231,
        0.007456494268757243,
        2.0358408456469972e-05,
        0.0005230568372395671,
        0.001792933422893236,
        0.0002927102871783058,
        0.0026240793257818126,
        0.007229621521912027,
        0.003959878952582825,
        0.00742226048626007,
        0.0070485681779930195,
        0.004297692741134762,
        0.005510965457246745,
        0.0025396631448389747,
        0.005243807951438289,
        0.0020499727318380764,
        0.0005411659479188316,
        0.00021034830658744324,
        0.002494567206351199,
        0.00394439859598027,
        0.007833396762608665,
        0.007259750346859427,
        0.0037712549305666102,
        0.001887504413846436,
        0.0025355143593955736,
        0.0033231198191382982,
        0.00026339082428753277,
        0.007248840848958054,
        0.005711769277743447,
        0.001573913324231989,
        0.007818491005893078,
        0.0036059917532428303,
        0.007867814968199166,
        0.0009718717856340052,
        0.005125167002187337,
        0.001321114157751532,
        0.007086317894846084,
        3.6850410222735875e-05,
        0.0009437774869964927,
        0.0033256790003066577,
        0.0013755367656515583,
        0.002450493545973981,
        0.006858248235759537,
        0.007501108908880716,
        0.002577689827525736,
        0.0008057885794779528,
        0.007800495308483986,
        0.005525032554807365,
        0.004159023034465348,
        0.0003974733059722358,
        0.0011453477329625781,
        0.007409596871446898,
        0.0009901457310047027,
        0.0005701742328976986,
        0.007369800109178267,
        0.007857018606624671,
        0.007000313264630967,
        0.0034442663579930806,
        0.006708238581489531,
        0.0011969841830068609,
        0.0019712469872113264,
        0.0002702436675730529,
        0.007706300330004369,
        0.00786687304499683,
        0.0005379350403603079,
        0.0005349980290366255,
        1.7413298542565653e-05,
        0.00036312032098754273,
        0.004704498094915714,
        0.007537892191917807,
        0.003207835404749516,
        0.004792149985523815,
        0.00026827520924786096,
        0.00024605480837309025,
        0.006104763795780255,
        0.0030847858739507794,
        0.0078111552874547425,
        0.003922596722900441,
        0.0008692570042492388,
        0.000999561889643743,
        0.005394680411109615,
        0.0007851178132506434,
        0.00266812731565149,
        0.004598739392368546,
        0.007475144056010655,
        1.2032285318034978e-06,
        0.002434123981368531,
        0.007864477011267482,
        0.004991875605418376,
        0.0009582173367197211,
