{
    "name": "MetricAgent_53",
    "seed": null,
    "gamma": 1.1647416463226086,
    "gamma_decoherence": 0.3705203395166168,
    "tau_m": 2.0,
    "theta": 0.799214617201694,
    "chi_square": 2903.4201258724406,
    "zeta": 1.6452678933249612,
    "fitness": 0.7581868998512222,
    "knowledge_vector": [
        0.00010297345043996493,
        0.006149150762782184,
        0.0022354693187879135,
        6.19313424887183e-06,
        0.004363178982662422,
        0.004658740526187437,
        0.00017507727424996892,
        4.296221793096872e-05,
        0.000544318552744041,
        0.007234762245097944,
        0.0075611148355629815,
        0.00010948516272411039,
        0.007258468411366426,
        0.004005287336847713,
        0.0018555438066798055,
        0.007529696146959176,
        0.0022186616940238634,
        0.0026251595971817296,
        0.0008874152100677167,
        0.007524467388601094,
        2.516879975484821e-08,
        3.7519680934821086e-05,
        0.0071048082305257545,
        0.0006921989548665222,
        0.0017217361239172638,
        0.0035372506992280566,
        7.937475566806417e-07,
        0.005218375517124659,
        0.006205335712738301,
        0.0015904697910528048,
        0.003288824995141433,
        0.007496618508156801,
        0.006509673753189954,
        0.006206210152409325,
        0.007410212528017463,
        6.298496577856943e-05,
        0.0012810254927721398,
        0.00017050220053866922,
        0.0074452530776742765,
        0.007564028721109411,
        0.007158276511864085,
        0.0075378182174907086,
        0.0007268448790224106,
        0.0035425720184703983,
        0.0008145108776919058,
        0.006758484689309229,
        0.005446456420932358,
        0.0012456866525073571,
        0.007439438897716124,
        0.0011257746157281687,
        0.0033080037492951514,
        0.007354759141002926,
        3.7486434092127774e-07,
        0.0007697503138282638,
        0.007256205208043967,
        0.007399159449420433,
        0.006030750663812338,
        0.0021658411049960157,
        0.005927553571533836,
        0.0006038535743600141,
        0.002565348579288837,
        0.0012576979313559888,
        0.00569640645490044,
        0.007291198609412639,
        0.004768229531917894,
        0.006565288035806791,
        0.006952043999489606,
        0.0019715850700927477,
        0.006749423061885051,
        0.001725290795232302,
        0.0006250705509538387,
        0.0069931725229074315,
        0.00044406743876413703,
        0.005091485435610458,
        0.00021124155197138354,
        0.007122373138866681,
        0.003342920534066832,
        0.0004364102807771403,
        0.0059186202862063055,
        0.00736598294498323,
        0.004861458780691148,
        0.006837605817514553,
        0.0015662452627700754,
        0.0038007115985883295,
        2.881687483796339e-07,
        0.0071544625234515645,
        0.006831996766508469,
        0.0001851013310611243,
        0.006302216279700393,
        0.007412652606544669,
        0.00621393444044979,
        0.0005990303240936994,
        0.000717623769037469,
        0.00048636056224116256,
        0.007560930267170619,
        0.0002698133943030479,
        0.00023298949999166847,
        2.7500032119182688e-05,
        0.002320850440017767,
        0.007379982398702688,
        0.00012809836834576388,
        0.0016795945198772914,
        0.006346419562199457,
        0.0031685209957000937,
        0.0005746855901699266,
        0.003738948323807929,
        0.0074301591049168855,
        0.007129376616826517,
        0.001970553300822211,
        0.005537946422616964,
        2.9096011893530703e-08,
        0.007541753893254236,
        9.713989170880863e-06,
        0.0028921109931118894,
        0.004538991467995818,
        0.00694648653347188,
        7.695459211698149e-06,
        0.0011221390931370422,
        0.00502000667211692,
        0.003968702509007598,
        0.00466941707978516,
        0.0050108556595884444,
        0.0003133125444653979,
        2.0524884438267003e-06,
        0.0017061931962081757,
        0.006478855158684445,
        0.007494447695158008,
        0.002727474571295932,
        0.004288645539242658,
        0.0075282283461041025,
        0.0036618681255880434,
        0.006825796653906244,
        0.004681240630058193,
        0.007419583809053209,
        0.002094730120418222,
        0.0005104571446862198,
        0.0025430389350867425,
        0.004758250660484014,
        0.003449089760439462,
        0.006404842071437665,
        0.007558577840053026,
        0.0041151954916488955,
        0.007555980065818066,
        0.0017302087785105531,
        0.007193996652437832,
        0.00029234349140219907,
        0.0031663155610541895,
        0.002477276621742293,
        0.0003738484329917647,
        0.00601759656623591,
        2.1408708145200887e-05,
        0.007216952076258455,
        0.005724907605874849,
        0.0018385123899816004,
        0.007054521437350649,
        0.007415100710293473,
        0.0004041502935509037,
        0.001025092534957026,
        0.006071113871028154,
        0.007300985164952357,
        0.005668996012817717,
        0.007320911578704247,
        0.0021354129850818643,
        0.006857894564627775,
        0.007117165802849707,
        0.0031292505630539477,
        0.0070407161382945935,
        0.0022954944931499115,
        0.0069813583948589684,
        0.003480949605164031,
        0.0069322461656501026,
        0.007187434210085739,
        0.006818066908738947,
        0.006992208129858091,
        0.006256356483891918,
        0.00750535857562379,
        0.0038671039234750557,
        0.004974514700863416,
        1.91212641566824e-05,
        0.003208957953885986,
        0.0015043910204721761,
        0.005665452341455206,
        0.0010258527373923079,
        0.0011352956186012773,
        0.0029694263799373444,
        0.005083518386068116,
        0.007489628947425837,
        0.002564132936960321,
        0.0003520621379757937,
        0.0028014188211843917,
        0.0007166348742774448,
        0.0059771995443405335,
        0.005715328815523719,
        0.004883567514195503,
        0.004053011085690837,
        0.0065695850972011804,
        0.0023962923235854162,
        0.006820078478543187,
        0.006521820985634803,
        0.006633615199674758,
        7.441291708145774e-05,
        0.003361214327560867,
        5.882554276031314e-05,
        0.005914497436970982,
        0.00040129830576852716,
        6.996504571836011e-05,
        0.007471645565851495,
        0.006724832322449878,
        0.003939935683797796,
        0.003475495958051688,
        0.0033911130822756783,
        0.007563537551278357,
        0.007359684323729321,
        0.0005854865781509544,
        0.0011645392833547587,
        0.0020522799613949885,
        0.005980205760915518,
        0.001880933625500357,
        0.0007765615325957006,
        0.00015789705375393205,
        0.00718294238364171,
        0.004230441028116658,
        0.004771823359099957,
        0.006547873078589673,
        0.006023246691442877,
        0.007008650077442,
        0.003061802103471066,
        0.0066660096680758495,
        0.0071431690942294155,
        0.004950605733591623,
        0.007372929651241038,
        2.976545063164184e-05,
        0.004921665937059666,
        0.004163574990704088,
        0.0003014253079633379,
        0.0007350407889403827,
        0.0031470671218472427,
        0.001310738863261083,
        0.0006303162294631766,
        0.001270499405683301,
        0.0005001279498115612,
        0.002444663325856507,
        0.004048177677682972,
        0.0013117947550123639,
        0.0002426472417458947,
        0.005308861539783339,
        0.007107209887034447,
        0.0068464380762705114,
        2.4769919840756264e-06,
        0.003586014820448938,
        0.000641592177014764,
        0.002277066697092579,
