{
    "name": "MetricAgent_44",
    "seed": null,
    "gamma": 0.5661748461216507,
    "gamma_decoherence": 0.1314188411257362,
    "tau_m": 2.0,
    "theta": 0.6387645425664492,
    "chi_square": 2903.4201258724406,
    "zeta": 0.9957618427841979,
    "fitness": 0.628627830458088,
    "knowledge_vector": [
        0.0033801061511406633,
        0.0015840395578077305,
        0.0047894750512809565,
        0.0046711382213878005,
        0.0033792083796529812,
        0.001887880740052212,
        0.006554596728653882,
        0.0011995999525894392,
        0.007115071904306444,
        0.004651790855002485,
        0.0044577067731920925,
        1.0777574336407666e-06,
        1.1338414987236787e-08,
        0.0007527146434377244,
        0.005484850464664321,
        0.007198157404180424,
        0.0037027138915353645,
        0.0024078473026362835,
        0.005982463664295216,
        0.0020274034050450384,
        0.005184715935093218,
        0.005758750595138264,
        0.0049130361447120375,
        0.006167658310754512,
        0.0065715343290048914,
        0.00043744646807788377,
        0.002825833331035532,
        5.567124809936604e-05,
        4.0387315310198034e-05,
        0.007148743158816505,
        0.0007258372008310317,
        0.0063944589198446046,
        0.0020042446991111722,
        0.006272368177614928,
        0.0015012548813942705,
        0.0010303342496018283,
        0.0072002001059961055,
        0.0070497503102547225,
        0.003962787417360867,
        0.006821810458342741,
        0.002824343310764196,
        0.00501143160211998,
        0.005919952227678251,
        0.007201428662153407,
        0.0033076514150722092,
        0.0023370477174172377,
        0.005857893966629805,
        0.007009622481601077,
        0.002014572988211491,
        0.0036617537019764004,
        0.0007823630880414524,
        0.0022710690969801753,
        0.007150102332518513,
        0.0011279659049882715,
        0.005758492601900952,
        0.006302872518340709,
        0.007153006521816416,
        9.663092031994454e-06,
        0.00017027141758359568,
        0.00576509496436137,
        0.0018303864884094587,
        0.0059931665335782695,
        0.0008987211269742278,
        0.004427040804434642,
        0.004655700193560457,
        0.005880827032227927,
        0.0009666829222695991,
        0.007091261296792419,
        0.0012560322467091614,
        0.0003991525701760988,
        0.005209519347414574,
        0.006842463387477113,
        0.007180295341616241,
        0.00020289738650760308,
        0.006824282043305543,
        0.005450767180858926,
        0.006303160794297638,
        0.003524789330247631,
        0.002259971269105077,
        0.0072151401435558,
        0.0043886664507857415,
        0.007172654598517495,
        0.004340268095324723,
        0.006445318053607936,
        0.007097776566443444,
        2.3875588142353876e-06,
        0.004689347902006679,
        4.7536287683024496e-07,
        0.0065205561217845,
        0.0017568014109400302,
        0.005299287382349659,
        0.006984665895109299,
        0.0024722364888685997,
        0.0003753168733884998,
        0.00040471650719513697,
        0.00690564231654534,
        8.555108374721756e-08,
        0.001082414466853674,
        6.658882009100107e-10,
        0.0027204456176497774,
        0.004086643520644029,
        0.007214835993765981,
        0.0006800638985851963,
        0.006883014691781848,
        0.007072967737420343,
        0.003616382791709138,
        0.0009558838485517716,
        0.0002630831361031647,
        0.004358758178515807,
        0.007214090975107313,
        0.007205529464009553,
        0.0025577306016499623,
        0.007201647789301393,
        0.0008370189320452539,
        0.0070309986848967375,
        0.0045271182750846115,
        0.005275375266535377,
        0.006244306701960024,
        0.0038127974161056124,
        0.007151516762166678,
        0.0071530419408011945,
        0.006524309750469227,
        0.007188966883723766,
        0.007089354904541477,
        0.005166126647750582,
        0.006218418374332497,
        0.001512469016846413,
        3.549052687364163e-05,
        0.002695522321011372,
        0.0058482085520611396,
        0.0027851450119215017,
        0.0028636581154661803,
        0.002443085998068214,
        0.001496811011389398,
        0.005289090638829874,
        0.002208465025541682,
        0.006967679272280053,
        0.004895866880808046,
        0.002195966636662457,
        0.006035891570117581,
        0.007209180171468885,
        0.00447869554780884,
        0.007090979220387483,
        0.006443402143006625,
        0.007166421647623888,
        0.0017768207976639507,
        0.004680325520214039,
        0.0012578162055067706,
        0.004926099417962221,
        0.003431573042564932,
        0.007192511797453974,
        0.006146469331508914,
        0.002699382638626687,
        0.002568150475674149,
        1.922708105881819e-05,
        0.0018136411659948374,
        0.005990498584254107,
        4.732873313271016e-06,
        0.003587236896394932,
        0.004054924813696753,
        0.0014626065030174436,
        0.007148956624371594,
        0.004543504595810393,
        0.0005502965885533335,
        0.007030160151163518,
        0.005780156040188608,
        0.0019696150926412164,
        0.006912671810040823,
        0.00010955833557736774,
        0.006260261153855029,
        0.002115656240036855,
        0.006211273588533563,
        0.007188139675261597,
        0.005746792913210516,
        0.001475891282895339,
        0.005510685769810469,
        5.279218244551136e-05,
        2.3849016164043152e-05,
        0.00683690355589725,
        0.004368629136354129,
        0.004625518612057865,
        0.0001985039471437528,
        0.004014700066898509,
        0.005085173088016495,
        0.002170025423694383,
        0.003947403994785325,
        0.007077304342464449,
        0.0040438205675303335,
        0.006292325644826076,
        0.006669284039052444,
        0.00015083623312637745,
        0.0023130966318572165,
        0.0004852596311296571,
        0.004241638564133024,
        0.00012879299710133934,
        0.005844799583351891,
        0.001806799331081503,
        0.00666718808877777,
        0.0053863929535957235,
        0.005446796854649899,
        0.0035138278506987343,
        0.006736680992389449,
        0.0020969732628685045,
        0.00021167476648368427,
        0.0029950567608747125,
        8.27352413045809e-05,
        0.0028811453994935926,
        0.005238815713953159,
        0.005612999033025913,
        0.004592112892589973,
        0.004986884134144783,
        0.006480156190926326,
        0.00018406757687450137,
        0.0019944615399667314,
        0.006266890239550848,
        8.694927166954422e-06,
        0.0016605374902688788,
        0.005353685233344949,
        0.0010609550392902236,
        0.0072131070668666275,
        0.003811329004739356,
        0.002510808684114676,
        0.0015091313737035123,
        0.0006843137879210543,
        3.852095184110107e-06,
        0.0052026297019100495,
        0.0011452359037311642,
        0.0033506653792594976,
        0.001054143723828599,
        0.0039261273327794955,
        0.003753357137568323,
        0.000997890039533388,
        0.006595585806018907,
        0.006611363824225607,
        0.0001239614435973576,
        0.004603247525613811,
        0.006781299871165073,
        6.616353628496592e-05,
        0.002300834163091489,
        0.0011618297015925723,
        0.0021925937517243777,
        0.0004812668756001346,
        0.005111591136771339,
        0.004646865320536326,
        0.0012503960434877973,
        0.006994135441524679,
        0.005917471394201723,
        0.005416021784511516,
        0.006992872223656513,
        0.0012383347760311738,
        0.007149668576597601,
        2.922358596296898e-06,
