{
    "name": "MetricAgent_90",
    "seed": null,
    "gamma": 0.7383422748837838,
    "gamma_decoherence": 0.4089623274332105,
    "tau_m": 2.0,
    "theta": 1.902774580279591,
    "chi_square": 2903.4201258724406,
    "zeta": 1.0085950628098324,
    "fitness": 0.6311877142997462,
    "knowledge_vector": [
        0.0012605191198982741,
        0.004213599485476496,
        0.005953821932176239,
        0.0013732875530219756,
        0.0004224645198620916,
        0.007652370947308243,
        0.005886689581540264,
        0.0014512336542213272,
        0.004162891166537273,
        0.005431598128522629,
        0.007660706451627261,
        0.0003808553358744624,
        1.4366825525260756e-05,
        0.005032470954660991,
        0.006969999656953212,
        0.00332465527010532,
        0.002332018130499903,
        0.003329908161219928,
        0.005730599011506314,
        0.0016478815410396397,
        0.000587269673752955,
        0.00018920763304551232,
        0.002764310706895547,
        9.588072775005808e-05,
        0.0076635469908250126,
        0.00728974520382402,
        0.0005451393559034495,
        0.003169810390666121,
        0.007625387406954071,
        0.0069668873168297184,
        0.004866654669811796,
        0.0071066674145488385,
        0.005509293709521499,
        0.0075990244946270965,
        0.0034414288131778582,
        5.520027635316906e-05,
        4.5045736848862694e-05,
        0.002824394482273903,
        0.007052508107994493,
        0.0004703989617341588,
        0.0017840162027169119,
        5.294548493054514e-05,
        0.002001297403425565,
        7.045280280951149e-05,
        0.001689448404043581,
        0.0017013068217031561,
        0.0028069679283174455,
        0.0010026745126972252,
        0.006599198795081955,
        0.004679177524612125,
        0.002141934181772112,
        0.007647295017298048,
        0.004148333998009788,
        0.0038009211642309913,
        0.006377046940766525,
        0.007497479955795471,
        0.0075617925240920834,
        0.007387436153550403,
        0.006573249385881798,
        0.004727257649249157,
        0.0050774363540263615,
        0.00043097286827423935,
        0.002883485883580835,
        0.004458176494935683,
        0.005934660064599163,
        0.00020296469771343922,
        0.006358747073066176,
        0.007669309326429586,
        0.00047074121886286777,
        0.0072625504239289115,
        0.006500791091735152,
        0.0007737488107377569,
        0.0065444502140345,
        0.007654307481598117,
        0.00219601189713461,
        0.004272883174535778,
        0.002655860231482952,
        0.0072449932223831726,
        0.004888763985388902,
        0.007654226306211487,
        0.004821967590658819,
        0.007658169480118926,
        0.005482687613452068,
        0.003044429789258903,
        0.0027097093559305253,
        0.0049410910538250944,
        0.002487244955682015,
        0.0017293185218135612,
        0.003932732813217534,
        0.0007960370627254853,
        0.002107458887591081,
        0.00764073899818255,
        0.004873407532280749,
        0.005464730580974577,
        0.006342107123461056,
        0.004517952109307437,
        0.0005913933690953549,
        0.006186107768315678,
        0.0009056642809829612,
        0.0027200266380426525,
        0.002378170170378598,
        0.0048263156678941595,
        0.0009417048655207599,
        0.006937266106526842,
        0.005948918456471643,
        0.007487099491556728,
        0.006988880700082003,
        0.0025111203465174145,
        0.0012588424958479762,
        0.004357231606796117,
        0.0031891339941269295,
        0.00597809061931763,
        0.0002012271542550628,
        0.00028865804132616933,
        0.00212630340835096,
        0.0072785530041331505,
        0.0016361406594889122,
        1.5447347848488962e-06,
        0.006721809241511008,
        0.005066141856678756,
        0.0044442834492414264,
        0.004846660785902077,
        2.3413958921974646e-05,
        0.0032364992028579885,
        8.75477592555474e-06,
        0.007106995059709515,
        0.0041307459478271994,
        0.006684620343165849,
        0.0015638460677040607,
        0.0016135778310976722,
        0.0023321977984557614,
        0.005619023415381082,
        0.0025108236969192186,
        0.006333938292182737,
        0.001363881509377081,
        0.002033711986624484,
        0.005318739767145355,
        0.006185876311588986,
        0.007306264983004665,
        0.0066224991171212316,
        0.0016457172992486043,
        0.001193856588254208,
        0.0012346015775807015,
        0.005656781913637381,
        0.007363930474962884,
        0.007455201888685022,
        0.007595424190788997,
        0.0009476660052633027,
        0.00028812122068928484,
        0.006134210026197277,
        0.003022725938541404,
        0.007460034677211372,
        7.176897155582137e-05,
        0.007548679374750474,
        0.0018864940741471733,
        0.0015231047800549806,
        0.007657835751812861,
        0.0011453701742232712,
        0.003621089160969021,
        0.0019262550636868138,
        0.004048883138874764,
        0.0037755408673670722,
        0.004252688904529408,
        0.006913321998670527,
        0.001816404712592292,
        0.003260969393629845,
        0.007103051183973155,
        0.007541539722883572,
        0.005324859695353291,
        0.0003281698104927057,
        0.007206498177946651,
        0.0011730032022230035,
        0.004193719094064302,
        0.0069312482157023745,
        0.002579989683625638,
        0.0035315222268263924,
        0.00017025891674569654,
        0.007649296372754702,
        0.000565056401497632,
        0.00034769720903230855,
        0.0022038574749917534,
        5.981537858688939e-05,
        0.007413142997036593,
        0.006306327361967305,
        0.007521555599485506,
        0.0017233177551652715,
        0.007439727425453316,
        0.006066302792894924,
        0.004321889237790838,
        0.006110409935695455,
        0.007669097947591608,
        0.007471781020632652,
        0.006406223862830198,
        2.1316182457340558e-05,
        0.001410618209844997,
        0.005911783950438652,
        0.005953885802437628,
        0.004124199038690165,
        0.006608084816000728,
        0.002453302308186789,
        0.006206127918696941,
        2.2660518883310414e-06,
        0.0002643409352673635,
        0.002074930710556159,
        0.00490627508122333,
        7.731075255302705e-07,
        0.00027039136770626516,
        0.0018064730894788645,
        0.0010011810916388108,
        0.0002933390854120415,
        0.007662019836084905,
        0.002761902263010294,
        0.001991061901750984,
        0.0015430202034262454,
        0.006745573133523637,
        0.0001575394902772313,
        0.003821070546783592,
        0.00764882601562411,
        0.007556014196761645,
        0.007087372482243426,
        0.004514803318828891,
        0.007117680600341909,
        0.0059841234229770935,
        0.007109554478711295,
        0.0029631688180654465,
        0.006508302294816495,
        0.004467965665406342,
        0.00735806148873608,
        0.005251615665867499,
        8.913532689689731e-05,
        0.00045892508317482255,
        0.00617019620899655,
        1.6614202827772106e-05,
        0.0034973623968455564,
        0.0038235125722620045,
        0.003085197048649608,
        0.0010539441701264765,
        0.006750616414944539,
        1.097464649801746e-05,
        0.00010540552049617166,
        0.007448227334298144,
        0.00018670691138618988,
        0.0027637379490162758,
        0.007460266329564229,
        0.0005789624604254158,
        0.0009209458299541434,
        0.007330965975647775,
        0.006276364317288503,
        1.1720650903369967e-06,
        0.005897193039595924,
        0.002530127912036978,
        0.0010958055246937939,
