{
    "name": "MetricAgent_103",
    "seed": null,
    "gamma": 1.3727445487698127,
    "gamma_decoherence": 0.1359698934727781,
    "tau_m": 2.0,
    "theta": 1.5346539127623828,
    "chi_square": 2903.4201258724406,
    "zeta": 2.4038431005696115,
    "fitness": 0.909502346156141,
    "knowledge_vector": [
        0.0005545228235535017,
        6.317549233412386e-05,
        5.025553752161678e-05,
        0.0011818951840385924,
        0.000458490704581819,
        0.007217895863102644,
        0.003204708900594051,
        0.0032046157877742222,
        0.007355268391218825,
        0.003184510078848892,
        0.007189848016848974,
        3.834141528615024e-06,
        0.00730061832180606,
        0.00709410870670563,
        0.007403696193237386,
        0.007312069970201318,
        0.004364901452935641,
        0.004541366311642385,
        0.007373559133088719,
        0.002894770829692553,
        0.004334324529504304,
        0.0013259557675672931,
        0.0029868490321311456,
        0.0010442732552926994,
        0.0046618585439264105,
        0.005237950143890993,
        0.0071013235748288855,
        0.004839931231288705,
        0.00472306939934848,
        0.0070509362927272555,
        0.005352515941579248,
        0.007420200668502925,
        2.561700252031134e-05,
        0.0068938363857271616,
        0.0050447872127912605,
        0.0061212230544515495,
        0.0030405827706621535,
        0.002398097490301046,
        0.005158021634116203,
        0.007409564483464023,
        0.006688148214361616,
        0.0009073754959470104,
        0.0007127539321262772,
        0.00114359369570602,
        0.002873515021027589,
        0.0008975413678991973,
        0.0007595236383713944,
        7.87554807415359e-05,
        0.00549122171803097,
        0.005814935362360587,
        0.006543524933977509,
        0.0038017094389892515,
        0.003859961509746614,
        0.0009854746708847348,
        0.004679832507051863,
        0.0074086089117799125,
        0.0064291644696766554,
        0.0060625606669478605,
        0.0029884590769538645,
        0.0019258038098257668,
        0.0003295685446855571,
        0.006583729239443127,
        0.0027299426178244474,
        0.004789495269168331,
        0.004732030875143231,
        0.001588082156544017,
        0.0032410369513958806,
        0.001007448732609632,
        0.006888332972038251,
        0.006557208794091979,
        0.006795215614912173,
        0.0070059973245085345,
        0.0037325883958534713,
        0.00016703883525287784,
        0.0001804581965718236,
        0.003411069337014581,
        0.00027508604697666866,
        0.00396668084289101,
        0.00013504512504013653,
        0.007166926188687267,
        0.004111759074272745,
        0.00739659870077958,
        0.0023196354013110434,
        0.007414627606658048,
        0.00455993922231497,
        0.0028427537864921934,
        0.003522042287085863,
        0.0034402437044313864,
        0.007389696000738784,
        0.00024819888910939113,
        0.004825652066291979,
        0.006307790676863733,
        0.0016306238485643222,
        0.00741354696176422,
        0.007027609418135149,
        0.005544908094471593,
        0.0001293296916545975,
        0.0007718980307951262,
        0.007312071286160033,
        0.00625963934316264,
        0.007417998708720224,
        0.006028841480680829,
        0.00011029983209575717,
        0.0013948606469200645,
        0.007356281592276006,
        0.005783368683430878,
        0.0024615481885285084,
        0.0073991926370081725,
        0.0014960035539272236,
        0.006122360272689137,
        0.0071263289497037335,
        0.0034061696891990417,
        0.005835447997314806,
        0.00033992388669775526,
        0.0007817418400310582,
        0.006195422470419476,
        0.0023120131147470963,
        0.0035256282028572937,
        0.007235784022724521,
        7.100339331864104e-06,
        0.004109232710663818,
        0.003891694787653029,
        5.970949515404848e-05,
        0.002237738923546687,
        0.001709730779047423,
        0.006661837911829518,
        0.005565168726293176,
        0.0006738948890965989,
        0.00418696164092783,
        0.0003231635578935437,
        0.006865451899502084,
        0.0015122479786775524,
        0.007413822436486467,
        0.0020294314541115382,
        0.00671025100001406,
        0.006735575637118394,
        0.006504143891936051,
        0.005915290053717159,
        0.001470373345908106,
        0.0008550370100908152,
        0.0007319864403314548,
        0.0040088901312893025,
        5.888168142919748e-06,
        0.007401957901312498,
        0.000315883048756217,
        0.003355362030795207,
        0.005159879258863678,
        0.006276614780123525,
        0.00022409227664077093,
        0.007343790569734982,
        0.0015844327108205415,
        0.003029380863285801,
        0.00012484793065153113,
        0.006906800805727789,
        0.006992598348360217,
        0.0071977671159007064,
        3.486491060986723e-05,
        0.004895742912159363,
        0.007132685397271089,
        0.0014783651607792603,
        0.0003915481169712153,
        0.006734057815706824,
        2.4479314694272954e-05,
        0.0005638756432122049,
        0.005406096177401596,
        0.0013779920788829438,
        0.006799513536045899,
        0.007422462934605538,
        0.007421618062286003,
        2.755474160723924e-06,
        0.006194806824638611,
        0.0063665441565093255,
        0.0022218855185103304,
        0.0003370803378597273,
        0.0037730855889659917,
        0.0036437128893130008,
        0.0016724134805928925,
        0.0057653329525703565,
        0.0004080849029172214,
        2.851177830423559e-06,
        0.00021243608793593998,
        2.233464224651652e-05,
        0.006621112155548782,
        0.00186468802054308,
        0.0010723556128166927,
        0.004881573808263789,
        0.004966726842700727,
        0.007413065988285902,
        0.00682802211263063,
        0.0071349757499779174,
        1.6093673609417865e-05,
        0.005756675758133929,
        0.0014530111259998995,
        0.006400281199406591,
        0.00601269812049449,
        0.007080204117262723,
        0.0001411862348130232,
        0.0070232998429686526,
        0.004167078028703427,
        0.0003421552310970284,
        0.00015375946931178665,
        0.00100840848134056,
        0.004230740826384266,
        0.006328234951892394,
        0.004035743322593027,
        0.0059075914410800295,
        0.0038152496307234766,
        0.006263872376944394,
        0.0017622921125835134,
        0.004449262153809438,
        0.0011049032825235783,
        0.00016870210327061652,
        0.005763571245382708,
        0.0013374418044412395,
        0.007411653618031161,
        0.0026809673314324503,
        0.0050251080761371785,
        0.005839486467691592,
        0.007336078862638115,
        0.006554933157267732,
        0.0009430234710951521,
        0.002104121400535225,
        0.007116660547796173,
        0.002183683170096865,
        0.007057481580332988,
        0.0009882653543600319,
        6.83239951534835e-05,
        0.0004972645300250088,
        0.007118157814167497,
        0.005682374635468366,
        0.007422981707853228,
        0.003588923668178142,
        0.002106134680624507,
        0.007226200247851268,
        0.001223958974223974,
        0.002629393161037959,
        3.91405649462914e-05,
        0.004929280936242229,
        1.5618064723193858e-05,
        0.007244238104468525,
        0.006130570328286352,
        0.004507434405469379,
        0.005529283105863175,
        0.0028764936162747313,
        0.0012796184324850193,
        0.005669975518492804,
        0.007073430698149679,
        0.0016354543854729586,
        2.73276634520153e-05,
        0.003242261637280271,
        0.0035776818828897345,
        4.22506513363882e-05,
