{
    "name": "MetricAgent_2",
    "seed": null,
    "gamma": 0.9570392818688525,
    "gamma_decoherence": 0.4953416917880469,
    "tau_m": 2.0,
    "theta": 2.7060823144961352,
    "chi_square": 2903.4201258724406,
    "zeta": 1.214653924165091,
    "fitness": 0.672290940813447,
    "knowledge_vector": [
        0.004369173816014713,
        0.007521974569816347,
        0.0041975523705750275,
        0.00023121036686548258,
        5.644930034500831e-06,
        0.0011862110068424688,
        0.007862989297095072,
        0.005145434807691431,
        0.001757797552537789,
        0.004621157096382655,
        0.006960354683281374,
        0.0008215848104395052,
        0.0021717591841985476,
        0.006962457997366328,
        0.007043158874211873,
        0.001916055894196638,
        0.002034240249448528,
        0.0031486296542136663,
        0.0028131346113627735,
        0.005606828231006325,
        0.005235455952947377,
        0.006579904888911156,
        0.0019729527788558054,
        0.004118193506635524,
        0.004321905659874915,
        0.0027913928460716613,
        0.005834583234547124,
        1.0112497621333796e-06,
        0.0002256573594449379,
        0.004039613120837548,
        0.0006006664221904156,
        0.007788068439802992,
        0.0017100914336078822,
        0.0040729686244111735,
        6.329446629978646e-05,
        0.00830015826689583,
        0.007296305928132542,
        0.004470999215092018,
        0.00826562970880269,
        0.0017158499212407627,
        0.007992456500637448,
        0.007613325914931809,
        0.0009306563975103618,
        0.0057233496936225465,
        0.006862439535999959,
        0.008222713998429916,
        0.00024426133280623354,
        0.008076550416713789,
        0.006669491625076428,
        0.004298847049855018,
        0.0015080011856685917,
        0.0005261480894135243,
        0.0002521297543108224,
        0.0028165451665624498,
        0.003184100933863212,
        0.006861796335897594,
        0.006158187613254335,
        0.002800127168590955,
        0.0006117920470180372,
        0.007524119809771945,
        0.00015357181261667672,
        0.0077731286642166554,
        0.0018454399808503167,
        0.0002206484775357628,
        0.008259898872127048,
        0.005865358563960031,
        0.003092787706548438,
        1.9170625839546714e-08,
        0.006383605082910147,
        0.003057358402382655,
        0.0017335332926864924,
        2.3126577283440247e-05,
        0.0037688666280779604,
        0.0017259297602857094,
        0.002399524054814317,
        0.0009404477793207188,
        0.004704117427952473,
        0.00033216421500210935,
        3.633294902534279e-05,
        0.006523369665308174,
        0.007670053180888647,
        0.006274533638232117,
        0.0022114774263208878,
        0.0013206628328823666,
        0.0024669189754450175,
        0.008262864572664935,
        0.0034428475860607574,
        0.007300911582368524,
        0.006907981178060738,
        0.0028837340184589355,
        0.0019692064280240514,
        0.008044627682944087,
        0.007108146681605907,
        0.004259284024212817,
        0.004720389655619546,
        0.007138185282881425,
        0.0016131090484659896,
        0.004213876230165957,
        0.00036536890860508237,
        0.0067529487886003325,
        0.002484751419328637,
        0.007764887712737887,
        0.002500342380723054,
        0.006273541339500909,
        0.007423110437432987,
        0.00027472295426270524,
        0.003929141754122314,
        0.007973632767191695,
        0.006404134604733476,
        0.00796079748951755,
        0.007010581488061217,
        0.0003046133962008654,
        0.0004688908793008067,
        0.00320696874127802,
        0.0019555075505567174,
        0.008152982955490821,
        2.4793815020044033e-05,
        0.0011456953585828964,
        0.0016971536744657708,
        0.003739133974786064,
        0.004922218861326977,
        0.004358082236943357,
        0.0032771102462246576,
        0.0007007295585370162,
        0.00034444885800857594,
        2.4097641372496352e-05,
        0.00730179980602072,
        7.036235904674136e-05,
        0.0002338405314669894,
        0.00012455312983039916,
        0.007781458472188008,
        0.008117737146208202,
        0.0016276155933029636,
        0.005643373457011986,
        0.00393801273187349,
        4.993866072619976e-05,
        7.027631075176518e-05,
        0.005428740229554608,
        0.0010068241426394323,
        0.004946791023698109,
        0.007937340887418131,
        0.0016684355800269796,
        0.003769768301682255,
        0.0011032361792413226,
        0.007114268922744628,
        0.002115550602487787,
        0.0032370130380260866,
        0.00821110548258664,
        0.007523560932983859,
        6.019524123902736e-05,
        0.00705388899169315,
        0.0008984273202562995,
        0.00613410990706451,
        0.007472293081774064,
        0.008132736572367768,
        0.0073060212101398285,
        0.007824055105311685,
        0.005602572131201041,
        0.007994596487656743,
        0.008253823002827657,
        0.005340041167946307,
        0.001091421827250787,
        0.00018634704270501195,
        0.004791960640506419,
        0.008055916598846491,
        0.005902121187947334,
        0.0019858486682834027,
        0.001101402756644247,
        0.005762100932686056,
        0.0055665571250293104,
        0.008204441975220383,
        0.008303293506410687,
        0.00022340362394774864,
        0.0012870277467117092,
        0.004026965173351827,
        0.0012443086213912247,
        0.007111938642609646,
        0.0004356680492570988,
        0.0014046066121749853,
        0.00651805937852152,
        0.006409591842652202,
        0.002395596018110197,
        0.005520668492077898,
        0.00830487024027736,
        0.004447931159242244,
        0.00749498645117727,
        0.003755965072354764,
        0.0021805720428637798,
        0.001682494194903311,
        0.008152773174030016,
        0.0012898886116275226,
        0.006556805746527626,
        0.00474608215822617,
        0.0015821118022026836,
        0.0036829493965171295,
        0.002976417168715616,
        0.004977597641013775,
        7.374093330779719e-07,
        0.008286364902309301,
        0.002884787705472254,
        0.00664340012470461,
        0.0016911564545827686,
        0.00013066870006034513,
        0.0005235902335456755,
        0.00028854153294410585,
        0.006649856216349793,
        0.00015462142332979708,
        0.001601933873817836,
        0.002739318628223711,
        0.000869023131106334,
        0.0006291960738247416,
        0.0023915855283586597,
        0.006596045999867228,
        0.008105211677895371,
        0.0008468211942939626,
        0.00822787522245978,
        0.0021911421039482524,
        0.0025437355857794016,
        0.002240945811069498,
        5.270528635053181e-05,
        0.0059108243769279735,
        0.007544190302529582,
        0.00012238372118336262,
        6.0701182114818045e-05,
        7.357638973063074e-06,
        0.0008121783333737185,
        0.0015716907996346755,
        0.008165711450133298,
        0.004444043444212712,
        0.004470785341737273,
        0.00442666239266646,
        0.004143206664250245,
        0.007153932208957953,
        0.002648357468880247,
        8.111193563764347e-05,
        0.006656574540743746,
        0.0009695542332560319,
        2.8698391952408195e-06,
        0.0006037223084418592,
        0.00783659663216407,
        7.169695384846252e-11,
        0.0054519432708824995,
        0.0003593963993961284,
        0.0017154742357452192,
        0.0037587093599572934,
        0.008310255822373444,
        3.2102785746172356e-05,
        0.00636966723085051,
        0.008313073926927502,
        0.0009666466960964872,
        0.000979350661518497,
        0.007778839268142468,
