{
    "name": "MetricAgent_22",
    "seed": null,
    "gamma": 0.5192887281658973,
    "gamma_decoherence": 0.17081488958236016,
    "tau_m": 2.0,
    "theta": 0.5023576547207047,
    "chi_square": 2903.4201258724406,
    "zeta": 0.87976125476832,
    "fitness": 0.6054888185583824,
    "knowledge_vector": [
        0.006716395324290561,
        0.0023772245772348947,
        0.00729148210533793,
        6.545167047666217e-05,
        0.005681606275476267,
        0.005648755566326234,
        0.0060859274412242365,
        0.0030457645713175027,
        0.00035572984351951937,
        0.0015783207070275186,
        0.007577898326208261,
        0.0003475157999618147,
        0.007033763553713803,
        0.0069330624767048946,
        0.002661868960006348,
        0.0075680972035051895,
        0.001282358075524789,
        0.006626990940095105,
        0.0007615058727994483,
        7.644456618244047e-05,
        0.00567994613548563,
        0.003941085288003467,
        0.003364488366338683,
        0.0017312068292936454,
        0.006448722799067795,
        0.007007472216445509,
        0.000130603871511484,
        0.005223937684448705,
        0.0072657925209644305,
        2.0361974528294076e-06,
        0.0006641031421189624,
        1.0738907316279612e-08,
        0.005422632713395114,
        0.00746412917493415,
        0.007287780747275279,
        0.005569473009178292,
        0.0011937551673013012,
        0.006861032198247776,
        0.001288166921204407,
        0.007494069380203694,
        0.006854226505800231,
        0.007097571798095272,
        0.0009420333942914423,
        0.004153022075795988,
        0.003040070060960718,
        0.003763036439269679,
        0.007576493904970713,
        0.006061695801062358,
        0.006386873608112326,
        0.007495893752035464,
        0.0056713255966782256,
        0.007515840600576987,
        0.0016231867625499028,
        0.007278291969530898,
        4.501453271290648e-06,
        0.007580027491730042,
        0.003964856755163233,
        0.005164080180578553,
        0.0068043121313691455,
        0.001658214705585323,
        0.00026619859734587094,
        0.005739535817531344,
        0.007583932496559793,
        0.005888606773436979,
        1.7942306026018805e-05,
        0.0010389130050465925,
        0.0039913796509824725,
        0.0002832071275123731,
        0.0002677479803262295,
        0.00217511439605035,
        0.0038400001427766543,
        0.006977056507763742,
        0.00038815430792787687,
        0.005661183917603457,
        0.006516406712672412,
        0.0013135729043681147,
        1.001593456862002e-05,
        0.006782444971171939,
        0.00012744294599225016,
        0.007412847804214576,
        0.007090601610184212,
        0.005867904875041929,
        0.007552180094594952,
        0.005142977691528805,
        0.006647463215385546,
        0.005754081821891044,
        0.0030724109855845986,
        0.00736599748818199,
        0.007581698085073451,
        0.005699499240298763,
        0.007274837652286614,
        0.00758413068836219,
        0.0007836425403007185,
        0.004996594868471164,
        0.0070571132716876084,
        0.006214180870162089,
        6.96391952552777e-05,
        0.005130828688689033,
        0.00010238983525955312,
        0.00719750564164324,
        0.0016952942110352435,
        0.001981635200142808,
        0.0006444464043709399,
        0.007116606421243643,
        0.007434186457109134,
        0.007524207700547386,
        0.002715018447413857,
        0.002099812026403047,
        2.3052875395608603e-06,
        0.005246553808126169,
        0.007584066831789591,
        0.007254865770397608,
        1.9310052290966438e-05,
        0.006303788838398498,
        0.007361059409487829,
        0.004506937268732398,
        0.0047183912886975396,
        0.00280003759443631,
        0.0002314486799018476,
        0.00514081599404972,
        0.004850460793888457,
        0.002270057781251818,
        0.002738094783819459,
        0.002203598823400967,
        0.005139458804914728,
        0.0004358308188108612,
        0.004240268588759012,
        0.0007007518827522339,
        0.00754296255997183,
        0.0010565114769096123,
        0.00617799407841407,
        0.0069827128042630705,
        0.0001689905326880004,
        0.006318405056806939,
        0.00011185264564987532,
        0.0028618235093018996,
        0.00224102870072097,
        0.004004474062134232,
        0.005443229876358453,
        0.007417096683358439,
        0.00034174678453635903,
        0.007220913636912506,
        0.00709690004010031,
        0.007584159329568192,
        0.00018112905219240348,
        1.910571095230193e-05,
        0.0018342242831905094,
        1.7496980260229474e-06,
        0.006549244285470094,
        0.004307793521387207,
        0.0069320018039507655,
        0.00033069157060680614,
        0.006716582490534658,
        8.16493286274504e-05,
        2.1843005842599153e-07,
        0.0013684090612293054,
        0.001757864217125943,
        0.0014436576138951653,
        0.0035076977483113132,
        0.004989385971855339,
        0.005317089638704137,
        0.005540534986646291,
        0.001324068559557148,
        0.004371651961800154,
        0.0017294658868236461,
        0.0041414117520179134,
        0.006008074385132947,
        0.0016565098537096106,
        7.986685142735126e-06,
        0.004952438066054034,
        0.0012295824924585257,
        0.001281063637638971,
        0.0017672109843789204,
        0.00678772660881991,
        0.0013516224125450823,
        1.9586058357218485e-06,
        0.0073183270720229565,
        0.002071252925723876,
        0.00010868010613655405,
        3.367813336481541e-05,
        0.007019784960147019,
        0.007584035726701441,
        0.007551660892276365,
        0.00014677856887897173,
        7.683468032702802e-05,
        0.0002787752623399149,
        0.007305606343672579,
        0.002331915049883416,
        0.006307294901779234,
        0.006557336566998272,
        0.007153880041934979,
        0.002354877028872203,
        0.0002383454099458642,
        0.007030552437194003,
        0.005243573917195414,
        0.0016817079692797439,
        4.817393696998933e-05,
        0.0038886905363122322,
        1.5253895579000887e-06,
        0.007445835901176066,
        6.250596538427036e-08,
        0.0009806247338428433,
        0.00034792089911560097,
        0.0038125149867609654,
        0.0044850391077965275,
        0.005596700388840646,
        0.005902334702752853,
        0.006149590667209153,
        0.005562601413760405,
        0.001343186422558917,
        0.005199917765723948,
        0.007583797157999428,
        0.007174360055414922,
        1.3644402913099846e-06,
        0.002145200299771302,
        0.006265041087371867,
        0.004245798721911275,
        0.007565381341435475,
        0.006379457671660586,
        0.0013215364268011375,
        0.005255479179637509,
        0.004027807086331487,
        0.0008996287870440292,
        0.006433833225678665,
        0.0035770864992161,
        0.0007789789116267968,
        0.001967044264337255,
        0.007583863319952985,
        0.005613592205484277,
        0.0012148281590711393,
        0.001617288206910911,
        0.002447348651109391,
        0.007440929832385089,
        0.006674620491974897,
        6.746074231458675e-08,
        0.0053413529975365,
        0.006559050939534876,
        0.006304661203711516,
        0.0018009461180038989,
        0.006214197219452708,
        0.0010762292778280884,
        0.0024053274590198222,
        0.0032231405284729,
        4.1786705876212796e-05,
        0.0002140927483235881,
        0.007510169915027733,
        0.0073264372856713085,
        0.004234641969949936,
        0.00021743681128820255,
        0.003425704603296859,
        0.001959783757882538,
        0.0007576192393382341,
