{
    "name": "MetricAgent_70",
    "seed": null,
    "gamma": 0.5072250324909383,
    "gamma_decoherence": 0.19272868600032678,
    "tau_m": 2.0,
    "theta": 2.3215715046219736,
    "chi_square": 2903.4201258724406,
    "zeta": 0.8418116773814053,
    "fitness": 0.5979188938039974,
    "knowledge_vector": [
        4.6612534333205524e-05,
        0.0007630933715463647,
        7.752396951320683e-06,
        0.0020469315982227097,
        0.00013694976735946607,
        0.004111496793736935,
        0.007477549464324101,
        0.004122724698974643,
        0.007786117951407268,
        0.00043798672131846786,
        0.007785711741762705,
        2.7266094428566538e-08,
        0.0040216311017517055,
        0.007627633148920801,
        0.00015387962250074555,
        0.0015672519168600774,
        0.0031653466337136183,
        0.0003456515128132077,
        0.0012421069131069934,
        0.0015402318033937345,
        0.0063102755115261805,
        0.004799946367038506,
        0.00754413236109808,
        0.00013633803611932867,
        0.007483308952933042,
        3.101406071490432e-05,
        0.00528596978401515,
        0.007761400360194971,
        0.00637876138350085,
        0.0009529591486026141,
        0.00019704394186176996,
        0.007234427138430323,
        0.0008558287795033646,
        0.005654857254393415,
        0.007059727244675343,
        0.0006954951907508395,
        0.0008544887646305506,
        6.277979326458126e-05,
        0.007777537269617575,
        0.001499822293228471,
        0.0038612040985104273,
        0.00037598089557221186,
        0.007768161238153266,
        2.154615416239257e-05,
        0.0005574491003216789,
        0.005239768215777159,
        0.00641863741371847,
        0.005760569439769785,
        0.007562733066102998,
        0.005538630073131198,
        0.0044616351978093265,
        0.006967704508104649,
        0.007590895379487329,
        0.005402266368733828,
        0.007213132883162362,
        0.005328476170701785,
        0.0019001638894449065,
        0.006054758778365645,
        0.0076620822519839335,
        0.007389317319389397,
        0.007103541749352981,
        0.0013807904161062788,
        0.0016901398664640945,
        3.008873681769415e-05,
        0.007115223589445782,
        0.0007168120787799533,
        0.006488841268679496,
        0.0011538853665653574,
        0.0035124944471339437,
        0.004299841133317788,
        0.007521464885139935,
        0.0013563128262326567,
        0.003994992245311865,
        0.006495634492226321,
        0.003731593252630804,
        0.002690895060442519,
        0.005611620811460654,
        0.0075965122319305136,
        0.007019307209489819,
        0.00741742404608443,
        0.0069870217775503925,
        0.007629749530331577,
        0.007738922641704093,
        0.0005143064437623633,
        2.2490593231334546e-10,
        0.003420987685192003,
        0.0028430323496950786,
        0.007029826236379999,
        0.0022333632820493708,
        0.006613856985344322,
        0.00768060452888042,
        0.006685525660040974,
        0.00010186565173536976,
        0.004413233659417698,
        0.007606258588805443,
        3.352583159787439e-05,
        0.00646890678477503,
        0.0065476836752181985,
        8.838651445494149e-07,
        0.004718460960184723,
        0.006865453000240457,
        0.007742259130130547,
        0.007284650847100126,
        0.006798159320939959,
        0.002138815955311127,
        0.002515516534306546,
        0.0023013241189993473,
        0.003075117100287986,
        0.004320539722345202,
        0.00018023047274540868,
        0.007699689226418179,
        0.00470412229772499,
        7.618580840820174e-08,
        0.004518809223651177,
        0.005846569778749592,
        0.005809249822795274,
        0.0017492518215582915,
        0.005785546524074617,
        0.006431691624082338,
        0.0013271583367109288,
        0.00034303101119660917,
        0.0003361363411952742,
        1.427951903683127e-07,
        0.007101444259138631,
        0.007581863324710589,
        0.002631705619576266,
        0.005584474345849672,
        0.0077131667888949845,
        0.006478674674483021,
        0.0077696235258134716,
        1.3393663155402893e-07,
        0.00020893163189130245,
        0.005023044699021037,
        0.007546241534203007,
        0.007767638579196431,
        0.0017895778380371914,
        0.006575208295565107,
        0.0054480232529354545,
        0.00011160561771133767,
        0.007774405864583886,
        0.0043149881299179675,
        0.005342785011348346,
        0.0011254911657891942,
        0.002141821534052405,
        0.00765735480197873,
        0.00350383523547713,
        0.007357849907707277,
        0.007707420774104709,
        0.003413303019993539,
        0.0045893833260475395,
        0.004845523517882963,
        0.003951173523236812,
        0.001043552272095843,
        0.007401803345769335,
        0.003502658754414667,
        0.0011852965112564224,
        0.006975153455463858,
        0.00026528010519915864,
        0.006834248729335873,
        0.0029882605086353126,
        0.007702478450887601,
        0.0059944568537603216,
        0.006830685970655557,
        3.9580609487630034e-05,
        0.0006214349640796445,
        0.006971083328807585,
        0.0071758079457289094,
        5.814411339305451e-06,
        0.0053461793818222435,
        0.0074049899388797715,
        0.0011127898712616235,
        0.007777463007658343,
        0.007710529167391708,
        0.007042488358346968,
        0.006561235941589204,
        0.005772807839897366,
        0.0010403375115268178,
        0.0070734815535448805,
        0.0017277769793726688,
        0.00012073095942677513,
        0.0011391302135048817,
        0.00037449496685153873,
        0.005106465545991048,
        0.00655705603168008,
        0.001646506884270845,
        0.0033028306765615274,
        0.0002205638071014135,
        0.0032175147441380596,
        0.00020204301791876972,
        0.0033845319893186236,
        0.007248899595247336,
        0.004270586674361551,
        0.007785242685286191,
        0.0025981041931195555,
        4.456785186093433e-05,
        0.000231482755044413,
        0.002175082159178451,
        0.0003196259883944386,
        0.007272416102198419,
        0.007277971656407752,
        0.00024295784158088554,
        0.0009682835726340811,
        0.004754472608315119,
        0.001219666587463431,
        0.005013636252414302,
        0.007741731915146844,
        0.005174027712153387,
        0.003490969656697361,
        7.840453307595965e-06,
        0.004544434917819031,
        0.002169102816093173,
        0.0003792979496767362,
        0.0006508973339910017,
        0.00022611175054708125,
        0.0055826236912177715,
        0.0040538689392875605,
        0.0015507526409866133,
        0.003331984854370039,
        0.00495552321442256,
        0.0005324353933911814,
        0.0005768939924100165,
        0.007586306293951381,
        0.0013025455950742553,
        0.000420510249337849,
        0.007781561446790763,
        1.2306128388535953e-05,
        0.0016397046414584465,
        0.0016614593791113583,
        1.5037036308722407e-07,
        4.9691257263150984e-05,
        0.007519491040727805,
        0.0001344918781015196,
        0.003993360981203552,
        0.0020193030029951645,
        0.0006337617261356996,
        6.897345049350286e-05,
        0.0023493526601157974,
        0.007740719783202402,
        0.00778608245827761,
        5.4235033548199644e-05,
        0.006774163659467507,
        0.007686535595913457,
        0.005495934176833793,
        3.415494708761312e-06,
        0.0009632925846443396,
        0.00011137171171246301,
        0.0072448742090293035,
        0.0012300462993807182,
        0.00022504529119744596,
        0.002368751020942196,
        0.007401667155610129,
