{
    "name": "MetricAgent_71",
    "seed": null,
    "gamma": 0.9047852272056558,
    "gamma_decoherence": 0.10306342436864564,
    "tau_m": 2.0,
    "theta": 1.5027822373041992,
    "chi_square": 2903.4201258724406,
    "zeta": 1.6352501559799877,
    "fitness": 0.7561886294320952,
    "knowledge_vector": [
        6.747095325685177e-06,
        0.0014581639975076643,
        0.0061859327341081865,
        0.00688783222330168,
        0.0031282472222949223,
        0.005382746474803761,
        3.77196364652612e-05,
        0.00694810672116907,
        0.007251438167166151,
        0.0010301703500725878,
        0.0034237277657031668,
        0.00045095260416962987,
        0.006580572453697728,
        0.006197220808461616,
        0.0022458636823134933,
        0.0034830798535574973,
        0.007045021449771947,
        0.003584007244794707,
        0.006595216731895823,
        0.003209770701131914,
        0.0038679853356177038,
        0.004649053962451824,
        0.00627085492937352,
        0.005627800123156427,
        0.005522390057123498,
        0.0002918377660784795,
        0.007304258681038523,
        0.006579609949310962,
        0.004519185338924167,
        0.004345839604735538,
        0.005715367830310872,
        0.007240441052364837,
        0.000412617757247608,
        0.005461626257269276,
        0.007309814281502053,
        0.0009048839823393763,
        0.0005045378181871208,
        0.0008487229289808613,
        0.0065761721820670905,
        0.0013598689446054548,
        0.0008922395005705081,
        0.0058329080035355455,
        0.005251955163048485,
        0.007118389150676429,
        0.0029423382531217593,
        4.461018457515263e-05,
        0.007263832279131628,
        0.004146160914280178,
        0.002621322471448357,
        0.007300435276961527,
        0.0033944472376343676,
        0.004481961412244106,
        0.003356805681385794,
        0.0026087709155416298,
        0.007217957456949398,
        0.006891877291317717,
        0.004057767429703718,
        0.005264715269191411,
        0.0028153733115857983,
        0.004025876286000986,
        0.006686337977837411,
        0.006837449718445948,
        0.006006790456967888,
        0.0036631959024932196,
        0.007045846325554062,
        0.006077595770136379,
        0.007042052977811669,
        0.003920469043571863,
        0.0026422787948798734,
        2.4176630818091495e-05,
        0.002698735801711084,
        0.004713669439076041,
        0.005983929683875595,
        0.0019252598434380216,
        5.1277147894895844e-06,
        0.0005979314689280677,
        0.002697712194504241,
        0.004645576595533989,
        0.0023914783887271454,
        0.003987947127809095,
        0.0004813733522813386,
        0.0035733739126376464,
        0.0063684157620776975,
        0.006988092251562349,
        0.003997861639432699,
        0.0029213480363706624,
        0.0009732510029777523,
        0.0015270649895858125,
        0.006784868291162669,
        3.3184721263719465e-05,
        0.007327858539532753,
        0.005607696010486278,
        0.0027248933721143796,
        0.0066252158372180365,
        0.006205914163623256,
        0.0012420570036909145,
        0.007291868373191652,
        0.006255247354891459,
        0.00427522977080246,
        0.006676689836754245,
        0.00017523517519737891,
        0.0073265943244949444,
        0.00732961330720441,
        0.007326112324270182,
        0.0032381172795285,
        0.0012396140698651842,
        0.0011820475401264844,
        0.001978932111925127,
        0.003986893085738432,
        0.00011743554527807229,
        0.007247775986648962,
        0.002979206258312838,
        0.00027589925661910267,
        0.003204204655236354,
        0.007262374132836884,
        0.002786823058520477,
        2.937608580526284e-06,
        0.005138697130566047,
        0.0004430238787818777,
        0.0010339986988559071,
        0.0014870155648354052,
        0.0035518498722856835,
        4.693681094672857e-06,
        0.007052800934777507,
        0.0030375596828875313,
        0.0058322523352943864,
        0.001860313692164363,
        0.007207865656409757,
        0.0038036971310141166,
        0.004848929715289766,
        0.006913590539723889,
        0.0032350432462827498,
        0.005230337553825363,
        0.007183911660876902,
        0.007218764178823057,
        0.0015293983467504495,
        0.0071897126060211074,
        0.007328552135705671,
        0.0006123761850756999,
        0.004739645114248708,
        0.0012171125536708702,
        0.006408473949590844,
        6.004067778517565e-05,
        0.0018146682659021189,
        0.003599900251124525,
        0.00024099915905728518,
        0.004927217704032539,
        0.0072933424596974186,
        0.00020805257392019633,
        0.004280075016073913,
        0.007297940299872847,
        0.006166701347530381,
        0.0035621887312978595,
        0.0011576330733995609,
        0.005892384258463767,
        0.006272943431211504,
        0.007170101682517005,
        0.0007620985108645743,
        0.0052418976667989664,
        0.0002965995103042218,
        0.007093851886453636,
        0.006196115176563039,
        0.0072697432259308595,
        0.004768262705865987,
        0.002480895260338048,
        0.000396164912756451,
        0.006265010367115828,
        0.006788910702589278,
        0.006377844617190222,
        0.005604798261232166,
        0.0015562105281606972,
        0.0006207834658318733,
        0.0013770700319222088,
        0.005954211931158625,
        0.00033113613989077534,
        0.00031198825040821356,
        0.00012458788311487642,
        0.0050837451746286256,
        0.0007152292579014151,
        0.0024932521283502007,
        0.00048158203546275137,
        0.00043073166361337514,
        0.0029000792192761192,
        0.0034299269926692535,
        0.004620055073090678,
        0.007235700833817825,
        0.00021790500774186095,
        0.0065122778809774485,
        0.0006365643419857046,
        0.007320428138762708,
        3.3176775113463555e-05,
        0.007328224480111624,
        0.005509434309282992,
        0.006190544074077543,
        0.007290122629394098,
        0.0006331687444653597,
        0.0022406760746005758,
        0.0021922034542351094,
        0.002846709963564594,
        0.004534456684245902,
        0.0007523788755587605,
        0.005732934800581699,
        0.007180584017795313,
        0.00498831432091458,
        0.00023333705521071173,
        0.0038143047694212955,
        0.0014156162247381918,
        0.007305585520237363,
        0.003668650896898742,
        0.007136459935310151,
        0.005103887005940801,
        0.0013703003194183018,
        0.006735449660792157,
        0.0004553384358369872,
        0.007215813984032833,
        0.002635348172019393,
        0.007298787664666078,
        0.0047187764069364585,
        0.0007882598254015237,
        0.0001516191474485263,
        0.00018481820348331866,
        0.006957621658697497,
        0.003163943526526508,
        0.00016958677429797722,
        0.005136251600355012,
        0.0015668971216287254,
        0.0014670895111030579,
        1.1953694819832364e-05,
        0.0023307989822653956,
        1.4328347385736078e-05,
        0.006163490003726264,
        3.442395469912508e-07,
        0.007168057350180327,
        0.005382073935658252,
        0.0037534641881997125,
        0.0064883913482016164,
        5.7459702082764145e-05,
        0.006588789090575303,
        0.0057832922691277155,
        0.0009942152277521955,
        0.00482735450371527,
        0.005364289559331789,
        0.0038633734834608155,
        0.001553971027186105,
        0.0013682099619084466,
        0.0006620161101761893,
        0.006972091406770863,
        0.0021851656753676483,
        0.00024251949489916634,
        0.006963893259835282,
        0.00475485141022637,
        0.0072403211220206,
