{
    "name": "MetricAgent_92",
    "seed": null,
    "gamma": 1.3305399386342036,
    "gamma_decoherence": 0.15973654775199214,
    "tau_m": 2.0,
    "theta": 1.3159674358223756,
    "chi_square": 2903.4201258724406,
    "zeta": 2.277878387341,
    "fitness": 0.8843757580224594,
    "knowledge_vector": [
        0.0008064357868237654,
        0.007757968558890335,
        0.006757781041076773,
        0.004666331480371812,
        0.0016677274797643905,
        0.0029169609541722344,
        0.004327213728374449,
        0.007439237829029757,
        0.0003299477179966479,
        0.006318155659382811,
        0.007089056419750982,
        0.007026913548717972,
        0.0032275641854576606,
        0.0051836599997162475,
        0.007757984844289529,
        0.0018922846067111676,
        0.003135065331626956,
        0.004878226789167695,
        0.007690785129915911,
        6.220646563864309e-05,
        0.006451996214410941,
        0.007250537035322758,
        0.0006446626343225727,
        0.00027414968808094607,
        0.001136557657148858,
        0.0036726880795069955,
        0.007711623716492601,
        0.002454306295211183,
        0.0046335367070915465,
        0.005576472943526456,
        0.006437505815810807,
        0.00757437092330166,
        0.00027478225711557785,
        0.005131539228652448,
        0.007652414545717796,
        0.005451587052848572,
        0.005266442277879358,
        0.0007021672470053704,
        0.007758126176758877,
        0.0050853583566824005,
        0.002045493734043664,
        0.006763653342219998,
        0.0036881609113233733,
        0.0053304600997181205,
        0.0027683374025679677,
        0.004999529798682354,
        5.575991678868645e-06,
        0.0004888021934029205,
        0.006833495832054313,
        0.0069215183004714236,
        0.0004952561894729782,
        0.00011859603322914945,
        0.00021374391853119765,
        0.006768046900029842,
        0.0015671413472315746,
        1.1555168769285758e-06,
        0.007504132820179528,
        0.007354992596434771,
        0.007643280431348935,
        0.0018401361921412524,
        0.0077540835785308284,
        0.0005345539428450261,
        5.4179585272610396e-05,
        3.4046144406438575e-05,
        0.0056466142605605275,
        0.005553065072760628,
        0.007716987480228895,
        0.0066083991885794,
        0.0015467048387825533,
        0.007505329558978211,
        0.0009972633296879193,
        0.00022368044209028113,
        0.002693565692878343,
        0.0009809759100806,
        0.0002653504292336901,
        0.007681895414751321,
        0.00021371659453325365,
        0.0014123528278232776,
        0.0027395931967731948,
        0.002930325593714691,
        0.001073291798659311,
        0.004590180925994038,
        0.007757203798907332,
        0.003121734472839378,
        0.0023732038116557135,
        1.899991536302951e-05,
        0.007641434803511437,
        0.004966054569147356,
        0.005125281140675746,
        0.004181849815822104,
        0.005301206988565289,
        0.004116241567585926,
        0.006855448242626185,
        0.007663989175104494,
        0.0011002480983740672,
        0.0023735276762852932,
        2.8469206960773956e-05,
        0.006761068635056839,
        0.00030917193689484205,
        0.005293071214676603,
        0.000951084909866007,
        0.007398125238690427,
        0.0007612844100030345,
        0.0004069978996815529,
        2.277410976450788e-05,
        0.007614647207191339,
        0.0037701038773410808,
        0.00020116609222596484,
        0.006567680929128867,
        0.005244603250119175,
        0.00764941245507763,
        0.00493549346815776,
        0.005529662170612417,
        0.0019848355648712838,
        0.0008579933930742593,
        0.002068081984589063,
        0.00035431138988494004,
        0.0066723268619092585,
        0.005051657023762131,
        0.007755801985616233,
        0.0035485481806242086,
        0.003436206776494122,
        0.0002096503754386651,
        0.005045203520005784,
        0.0002732100262847569,
        0.0066864575126940485,
        0.004668681753845649,
        0.006142628359918714,
        0.005617990432850897,
        0.0007199263473797736,
        0.00019248947483502173,
        0.007735399582556683,
        0.006408718411881739,
        0.004177707958995091,
        0.00040151727959440064,
        0.0013318939555298551,
        0.0013658976411349306,
        0.007703467543808275,
        0.006361185344221716,
        0.00482807052972281,
        1.976769599087395e-05,
        0.004503930616022275,
        0.007086420351798979,
        0.006483816824052942,
        0.003322726528125187,
        0.007374162176177001,
        0.007427656499920502,
        0.0077581195825073175,
        0.0006651418489824834,
        0.007301841716743962,
        0.006391433800894625,
        0.007678679574944106,
        1.0476006054207367e-05,
        0.007688211290565631,
        5.953632714225019e-06,
        0.004185572012418475,
        0.007331925742917651,
        0.003569761761093975,
        0.0037016839738219474,
        0.0019008534947304616,
        0.007635116954829765,
        0.004452351283404926,
        0.0037171281881552766,
        0.007544901501539584,
        0.003158604057262012,
        0.0007901129144707011,
        0.0077556315546170665,
        5.851436854720873e-05,
        0.0020744229318318467,
        0.00035030780595748674,
        0.0025812747578569566,
        0.0017073537763952313,
        0.005354431388644489,
        0.007748870416531732,
        0.007748256361572379,
        0.003230510617493679,
        0.0014234576409283652,
        0.0062610576808505005,
        0.0006880983559353041,
        0.004056783123614339,
        0.0034602570808652754,
        0.0023849922272231646,
        0.004597732775925521,
        0.00758503456329833,
        0.007696974776996458,
        0.007750344253155956,
        0.005872416163629869,
        0.0025761711518343944,
        0.001123960068387671,
        0.004585245716842945,
        0.0012706012361340597,
        0.006224260663028226,
        0.00175260417390421,
        0.00769447310885642,
        0.0006504179315429232,
        0.002768445491756681,
        0.0003950505876269511,
        0.0023388291590059882,
        0.0005256639795812476,
        0.003932986299111116,
        0.002212173193730976,
        0.002048177659598925,
        0.0007018904139161122,
        0.0032954515658819208,
        0.0010872292089637006,
        0.0032736721182122525,
        0.00025689686867050434,
        0.0014527610323021509,
        0.003688496360321927,
        0.0038438346252113722,
        0.005359009794582434,
        0.0012548695675100015,
        0.003141029535859156,
        0.001442458454359946,
        0.006687740403668998,
        0.0003047919001169984,
        1.3645143804317322e-06,
        0.0073146348728286865,
        0.007629700872266531,
        0.007461824168545706,
        0.005826387495244499,
        0.007410367103827454,
        4.472390806023858e-06,
        0.0015828356316275403,
        0.0022593554232252845,
        0.002848572450078821,
        0.0072344179415180995,
        0.00019722372352088525,
        0.0011505713139167725,
        0.001344300242406126,
        0.0038352209447267862,
        0.007195955536490516,
        0.005445407278698321,
        5.628238540135819e-05,
        0.001380810470767444,
        0.0038300591299806307,
        0.0019454263204817326,
        0.0028796313385718118,
        0.007457096391864179,
        0.004503380444406799,
        0.003901014779408447,
        0.0050741429123373994,
        0.005044520908261246,
        0.005366086776636563,
        0.0005806008966373877,
        0.007269313540895894,
        0.007566419121080897,
        0.0023581696192588974,
        0.00014317390678583814,
        0.004074319579042504,
        0.007636810923037966,
        0.0006347955459888961,
