{
    "name": "MetricAgent_88",
    "seed": null,
    "gamma": 1.1670983220022761,
    "gamma_decoherence": 0.24839900998319508,
    "tau_m": 2.0,
    "theta": 2.540639118988838,
    "chi_square": 2903.4201258724406,
    "zeta": 1.83956914147878,
    "fitness": 0.7969447972900132,
    "knowledge_vector": [
        0.0069929086078275235,
        1.2835335032311657e-05,
        0.0038416836560034905,
        0.005707410292879775,
        0.00025559977996567984,
        0.006490389748984633,
        0.001026981844098737,
        0.0004383211181062771,
        0.004301115765476622,
        0.006740106500227894,
        0.0003094959565402368,
        0.005130048401511005,
        0.0011428134627057822,
        0.007413758507187195,
        0.007300741118129532,
        0.005243770087160945,
        0.006754075827929075,
        0.0023429342529168,
        0.0030866034329711496,
        0.006251863533013624,
        0.0070970937742637725,
        0.005455808369212459,
        0.0016749178697427836,
        0.0014458540738968748,
        0.000737467234359842,
        0.000774539171082661,
        0.0027516727424209283,
        0.0059273887612907895,
        0.005963213647758079,
        0.005076882736643082,
        0.004234905782387914,
        0.005745626774201372,
        0.005558330687116633,
        0.004108000049189494,
        0.0034287982807285886,
        0.006868248703120794,
        0.003334594647013256,
        0.0032486552609444744,
        0.00743315222995707,
        0.0028530342505179956,
        0.006006213628053899,
        0.006574638433514619,
        0.004019400064218828,
        0.0005351336861533175,
        0.00707026548932361,
        0.003852631226298293,
        0.00013365943178207695,
        6.399560567515773e-06,
        0.003396121826586833,
        0.00499363611275878,
        0.0050989469905682715,
        0.0004331834913902781,
        0.0044204032110279285,
        0.002763726488861359,
        0.003779198033886685,
        0.0003706107879380123,
        0.004220942504651055,
        0.006622151172323432,
        0.005908485024152457,
        0.0021729644798160093,
        0.0071694332658079505,
        0.0004412391884648751,
        0.005327903362467187,
        0.0074023500878703,
        0.0037942570377351766,
        0.006826281029809727,
        0.0010547900214262344,
        0.006635736834742304,
        0.00032434725682496153,
        0.0058686385996082596,
        0.005041432384120053,
        1.7707621796959525e-06,
        0.0009317459920548383,
        0.00719842399818123,
        0.00013940760301686314,
        0.001636722991762088,
        0.007246414907860085,
        0.0023846096567675702,
        0.002967322829997976,
        0.0034808430700988143,
        0.0026572791153018174,
        5.552478434114011e-05,
        0.007433512064303227,
        0.003124945114326178,
        1.604309889680795e-05,
        0.005376952412927561,
        0.007276076274671274,
        0.005043229854153878,
        0.004837607056141637,
        0.007387154214820391,
        0.007185375827812488,
        0.00729596634830279,
        0.007217569127318977,
        0.006582836469783491,
        0.0032271486083837527,
        0.00014335143776756444,
        0.00013527777798445664,
        0.00557367789971907,
        0.00011503663883856168,
        0.007427962623877583,
        0.0030657321502385437,
        0.007100379473436814,
        0.006812321030847799,
        0.0031361840646203054,
        0.0018408246873599396,
        0.0011353994910991076,
        0.006121861908521628,
        0.0030454300749290196,
        0.006804472286251293,
        0.007012038200944217,
        0.006082482415796608,
        0.007386134849424202,
        0.0038693675574368444,
        0.0017333664453586734,
        0.0019064952317094266,
        0.0030415625625100015,
        7.382547083098964e-05,
        0.007327664066140621,
        0.0004833536181405453,
        0.0033944357771651125,
        0.002728292794275029,
        0.005009392644463032,
        3.8076390570622034e-06,
        0.00179179652997055,
        0.0023697585501334757,
        0.00259714371719356,
        0.006997239020340459,
        0.007163474167040331,
        0.0010402911750906141,
        0.001715636506994355,
        0.0007840221413408646,
        0.0007391871440571833,
        0.002821875617165086,
        0.005420056584564007,
        0.00702420256014271,
        0.0018464127143129705,
        0.0005814570265464721,
        0.006757893034792181,
        0.003916338497285435,
        0.007290474199956558,
        6.800446335788457e-05,
        0.006093885191586325,
        0.0006624223941750068,
        0.006141711931808777,
        0.0006623232708710807,
        0.005286855647793304,
        0.000156914288439113,
        0.0053823713729291124,
        0.0039961570995369925,
        0.007237444112857124,
        0.006923926146050081,
        0.0059398357947095136,
        4.3893869353949826e-05,
        0.004845357852259366,
        0.004984821812001311,
        0.0011715001376283987,
        0.0001435939940913799,
        0.0073019312674008656,
        0.006702989096260667,
        0.0073712208500633924,
        0.005762121761167476,
        0.0018932053609200287,
        0.006028487812238584,
        0.005657844087875726,
        0.006404535928665475,
        0.006552152398870126,
        0.006503180363804169,
        0.0028415594036869203,
        0.00547832275337029,
        0.0006633638961527073,
        0.007432984622165367,
        0.0008917521983032816,
        0.000507093026670645,
        0.00466368693154026,
        0.004458885986970526,
        0.00019998681972798607,
        0.0024787409853304397,
        0.0058644751556238715,
        0.0014468606025333799,
        0.0017886717798057327,
        0.006454035902316499,
        0.0018476401634568494,
        0.007417101038342461,
        0.00631484724601394,
        0.004717614978250394,
        0.002491440572878934,
        0.005483575612055516,
        0.0013853470067078785,
        0.006634237997941683,
        0.003746518104266371,
        0.006092281697298512,
        0.007189972917456472,
        0.0004812705698374645,
        0.0005769916132084779,
        0.007366297143688676,
        1.8601076126707945e-05,
        0.005973220045617122,
        1.2398220131202499e-05,
        0.0073839638890817625,
        0.0031377306261493477,
        0.0010602730186114262,
        6.0995617076070974e-05,
        0.005651979290553377,
        0.006780203605742951,
        0.0001249159561448561,
        0.004122124258917846,
        0.002281807670416757,
        0.007414204589576814,
        0.0012350856059869905,
        7.143576014035676e-05,
        0.005612906960559335,
        0.0005249248886814983,
        0.0004660395615053109,
        0.0049871045127104115,
        0.0010514884411728747,
        4.5035858558487384e-05,
        0.004035609616161856,
        0.004941585400059204,
        8.744854721348474e-05,
        0.006910923321058031,
        0.00024541288121501277,
        0.0069356232612290325,
        0.001092026524324796,
        0.005214210651249763,
        0.0017683749073485776,
        0.006875236042956294,
        0.00743104507708541,
        0.00568958535534927,
        0.007394461560172739,
        0.007268108010952218,
        8.076035949759091e-05,
        0.0029702530787796702,
        0.001773628924130823,
        5.051550359396426e-06,
        0.007276017285231944,
        0.0026147972999651086,
        0.003665502982841265,
        0.002661500718600682,
        0.006554479577688863,
        0.0010968253965371077,
        0.000627650636736446,
        0.0020917157778964517,
        0.0027952986327205586,
        0.007129700565794417,
        0.005727104228250402,
        0.00480732478039811,
        0.007254947962944487,
        0.006596480248201781,
        9.026516627317904e-05,
        0.007309483394553573,
        0.005502068054103604,
        0.006705312485111526,
