{
    "name": "MetricAgent_105",
    "seed": null,
    "gamma": 0.6392276069530147,
    "gamma_decoherence": 0.45736194853816137,
    "tau_m": 2.0,
    "theta": 3.0512020185260194,
    "chi_square": 2903.4201258724406,
    "zeta": 0.8377076968296334,
    "fitness": 0.5971002595500864,
    "knowledge_vector": [
        0.0056930113909682365,
        0.0007580521025447861,
        9.219925326005064e-08,
        0.0001796914880261327,
        0.0009871831946173556,
        0.004328282908777664,
        0.007246554512407916,
        0.0009598955402661815,
        0.0014814923923284803,
        0.0064874849234624575,
        0.004635719799478255,
        0.0028917863585987435,
        0.0007775161915455302,
        0.006663120630719584,
        0.006122412574562005,
        0.007435184006759089,
        0.00674415075794493,
        0.002670601295764134,
        0.0033880329008162562,
        0.006656998292050997,
        0.0005073480271088589,
        0.005184727723574264,
        0.0006869041002843938,
        0.004813512586749051,
        0.005453091225147513,
        0.004845950541691363,
        0.0011045621213796317,
        0.006087986674013936,
        0.007472596619409889,
        0.006923802417876824,
        0.004558017822017972,
        0.006682033479505159,
        0.00014453597615404187,
        0.006319653483820793,
        0.006532978462927117,
        5.4505994925256555e-05,
        0.0006399723224708701,
        0.00018930142361901813,
        0.005410590520189339,
        0.007322008937365996,
        0.005257233431450761,
        0.0006667747920531163,
        0.000995783391733734,
        0.004779747892790367,
        0.007273806965306256,
        0.0008910335471987527,
        4.8509060686823974e-05,
        0.00022806962967855297,
        0.007241515444129735,
        0.0028378762496243715,
        0.0064616821896216845,
        0.007157048233163579,
        0.0064928207083279005,
        0.0006384406569538171,
        0.006748483489536332,
        0.007153814685085153,
        0.00747273889915799,
        0.004636720478624078,
        0.006878921053818763,
        0.0006959216156094891,
        0.003692509766581371,
        0.00716114891559261,
        0.001946326149699673,
        0.007081226045952937,
        0.0031963817195920442,
        0.0003398709296514866,
        0.007503221845127153,
        0.007452123942428454,
        0.005563851900992156,
        0.004898250048999829,
        7.742119442262087e-05,
        0.0071121575126722085,
        0.00615049847739492,
        0.007337481012539529,
        0.00224112622423598,
        0.0027406654853610285,
        0.006932349963715536,
        0.004868424550304593,
        0.0019801396910845265,
        0.007274345676054741,
        0.0034383104480550223,
        0.006695916601956734,
        0.0057598509272010715,
        0.0034524566286805803,
        0.00010931152349699678,
        0.007362966479642442,
        0.000745475194676084,
        0.006391004768592262,
        0.005058838410443854,
        9.522908155400554e-06,
        0.00395864669749899,
        0.004088536919189336,
        0.002239165006951727,
        0.007418711187408635,
        0.006008273219397281,
        9.683633038841233e-09,
        1.279515842837105e-05,
        0.006630105940853458,
        0.00011890184838415486,
        0.007036372949280419,
        0.0018394451722670445,
        0.004007133237385467,
        0.006082259064030256,
        0.0008904789764394619,
        0.003638628802034753,
        0.00014146675406258267,
        0.007148168143636254,
        0.004867733708399511,
        0.0009622321914397434,
        0.0072702518033104496,
        0.0060274185299881156,
        0.00315107668146323,
        0.007417630596149564,
        0.0005299866751448467,
        0.0038607234799611636,
        0.004117146360131773,
        0.002848862002220572,
        0.0017962397097149028,
        0.0070804266153763435,
        0.002220482554455159,
        0.00020575187044321987,
        0.003171380204623955,
        0.0007768755889595597,
        0.006925108113368543,
        0.005024287266957549,
        0.007391224273620976,
        0.004510092053173335,
        0.00741013895652566,
        0.007521598133956814,
        0.007015083994952047,
        0.003382619694947396,
        1.956926004781281e-06,
        0.007450645753133537,
        0.006367710625104226,
        0.006861018028097429,
        0.006316224054714899,
        0.006998963738345688,
        0.0011310625421313196,
        0.0028440064728939697,
        0.0034965598573862403,
        0.007087505016858882,
        0.0061173072744806455,
        0.0017050455382975225,
        0.006692614941234365,
        0.00549008207042473,
        0.0006194134495150568,
        0.006109279833025385,
        0.00584168962316916,
        0.0010091808290412637,
        0.0061941023059747516,
        0.002018441052342201,
        0.0015496291935453742,
        0.001140440898718082,
        0.0037592491261384336,
        0.00042075635565821425,
        0.00720491331440157,
        0.006679150088020414,
        3.219960611896982e-05,
        0.006843011333162692,
        3.206873798914833e-05,
        0.004918515507667709,
        0.007523479799868694,
        0.006360751229672688,
        0.0010735304290094426,
        0.005396439700540573,
        5.3418731929805795e-05,
        0.007439903895192825,
        0.0007818483572821038,
        0.007526509534368123,
        0.0024613829936442864,
        0.006824514918477786,
        0.0020735187102542607,
        0.0004313635233522953,
        0.007148777668657284,
        0.0026008300591745495,
        0.0070862845204439215,
        0.006315846430478275,
        0.0038201962176205783,
        0.001042815654095342,
        0.00047391069041954296,
        0.0006301787530335049,
        0.003024065021309084,
        0.006225234917266573,
        8.4656350758507e-05,
        0.00738069125241511,
        0.007007200154063719,
        0.003115630844018783,
        0.0003167670476213283,
        0.002097200550647918,
        0.006369737968718662,
        0.0019435472311161955,
        0.005383554903734311,
        0.005210491900707212,
        0.004583441445366669,
        0.0028938297292233858,
        0.004975038457400916,
        0.00031354103054118636,
        0.004826121488833766,
        0.004911041703238338,
        0.007423985577273998,
        0.000548222921410721,
        0.0021895783671050926,
        0.001060777113881402,
        0.006268624950852124,
        0.002769398151831295,
        0.0010845722256098622,
        0.00014727080310559593,
        0.0002938017243192557,
        0.007171461518372573,
        0.004079237492286998,
        0.007069162257538937,
        0.004408087373462925,
        1.0532490218637087e-06,
        0.0013118824686602192,
        0.0061570244858053505,
        0.002958290037720436,
        0.007522697831834222,
        0.0007879206050313717,
        0.006292630421770323,
        0.001887589375112017,
        0.0005940695624238524,
        0.0032231572337586014,
        0.0022078977353019655,
        5.885564542011264e-08,
        0.001571212309651253,
        0.007526211639612199,
        0.00043461857693907356,
        0.003973868609916615,
        0.006439536435652734,
        0.005968141108929871,
        0.007450616990198905,
        0.0023223019114093505,
        0.0008188092293141585,
        0.007019174701899709,
        0.0074074866388052895,
        0.002971985931133193,
        1.8499921204631735e-05,
        0.0015242339423585923,
        0.001741582154852736,
        0.00136469417490328,
        0.004854122003107948,
        0.003564887897649111,
        0.004290260419397366,
        0.0006498578899297464,
        0.0061564188296586424,
        0.0006303752414506978,
        0.007260684797635761,
        0.007082181707409279,
        0.00012251211176908048,
        0.003582739293802618,
        0.0065162711610518,
        0.00025171573331091385,
