{
    "name": "MetricAgent_56",
    "seed": null,
    "gamma": 1.0129806590114434,
    "gamma_decoherence": 0.3422890354649375,
    "tau_m": 2.0,
    "theta": 1.5468091188632074,
    "chi_square": 2903.4201258724406,
    "zeta": 1.4669809938028961,
    "fitness": 0.7226234362501756,
    "knowledge_vector": [
        0.00031294835930920523,
        0.002266297602476721,
        0.008002680627271826,
        0.0006101366432868687,
        0.005238940927518965,
        0.00462228656638098,
        0.0014110740224814499,
        0.007990965736589348,
        0.0037760752805846625,
        0.003236528832467338,
        0.007668800721089083,
        0.0016872926074198889,
        0.007591663965195941,
        0.007140277026995892,
        0.005163494621335136,
        0.0072928533647659225,
        0.005986885046167032,
        2.605655550939443e-05,
        0.004218417265669262,
        0.007568531055001584,
        0.0002197620777762731,
        0.0028607891878999116,
        0.0026591826842178533,
        2.3424847679260117e-05,
        0.006334916780994346,
        0.0017780015818386176,
        0.001369335470606424,
        0.006861057275658025,
        0.00014005416149637795,
        0.00023524180577873702,
        0.00020596168485770557,
        0.005649597214997268,
        0.004699524373027205,
        0.0008772696568003458,
        0.007787571562686587,
        0.0025779187128093816,
        8.359424612670348e-05,
        0.00029485988809459045,
        0.007210213735507563,
        0.004954860132719409,
        0.004308427153393119,
        0.00019289774898822673,
        0.006979330023875048,
        0.004817890260372031,
        0.0010351522389784493,
        0.001479049409525521,
        0.0027853166720936363,
        0.0048184512714445705,
        0.006183049561658553,
        0.0006213741945418841,
        0.0017737609577344962,
        0.007837130185781534,
        0.0002651508872683691,
        0.003069437955793752,
        0.008142542337894298,
        0.005704774410523475,
        0.007558320495894696,
        0.0007694919469820547,
        0.006698681179208641,
        0.006791905177126502,
        0.002745960218090059,
        0.0014398661788120354,
        0.0036994757394901486,
        0.0033202431811300667,
        0.00813514153455564,
        0.004795288136655843,
        0.007443781674809724,
        0.0016499546886121039,
        0.006012127763427735,
        0.004216014996766336,
        0.007328407496291283,
        0.0064146001236574275,
        0.00508577542457048,
        0.007897576178948876,
        0.0014763881004978933,
        0.007961558295911634,
        0.0002301372602360314,
        0.0004655976436669785,
        0.007896384303660294,
        0.0031635306224135876,
        0.0016044795031107558,
        0.007452209272164983,
        0.0074473217186421786,
        0.006312771603151859,
        0.008063454658576356,
        0.007052756703663519,
        0.0019455465055141252,
        0.0020273791832809136,
        0.003328795270877236,
        0.0037046249239305203,
        0.002670555756391292,
        0.0072905216924869275,
        3.20945521985034e-05,
        6.550120310976365e-05,
        0.0015805824852263412,
        1.8062802053554462e-05,
        5.415724167180267e-06,
        0.007998825587645265,
        0.0004593618988621646,
        0.003343416399880157,
        0.00111973665530061,
        0.005680078931963439,
        0.003748682705924805,
        8.279183943815652e-05,
        0.00019880587252733825,
        0.0011653738334429962,
        0.0025808212698845874,
        0.008127720301802284,
        2.4341232299222426e-05,
        2.1271209862314256e-09,
        0.0015320381405486984,
        0.00625108795197973,
        0.006333807300760214,
        0.003425865728170931,
        0.0018166749335883764,
        0.003186934333116986,
        0.00010599050891277624,
        0.0016227993828993744,
        0.001353710101072251,
        0.00566451760641559,
        0.0020863316902315254,
        0.007987170463588293,
        0.00014249507244987167,
        0.0031369586493662453,
        0.0025071738893131254,
        0.0012220708411700535,
        0.007498772287660905,
        0.005036277555385832,
        0.00021950340385976783,
        0.004637534812541346,
        0.007830452975346465,
        0.002859494883510051,
        0.007795572864325073,
        0.006349649386947809,
        0.004291671790241897,
        0.005232613219751386,
        0.008096953601402031,
        0.0013685764031457575,
        0.007570833875744816,
        0.0001706745400525148,
        0.00799441142833208,
        0.002207685213258372,
        0.007593142078064472,
        0.006808293729603811,
        0.007826702878002894,
        0.0003673391019779688,
        0.00792342074185618,
        0.008138704626335883,
        0.0001538387869271448,
        0.004681605825251646,
        0.004305169768735957,
        0.008050583530184,
        0.0025813132716361914,
        0.0015958661482428332,
        0.008135186971667797,
        0.0036582901444966883,
        0.006450756224624587,
        0.00014246290816674368,
        0.00798853340070505,
        0.0046106878190045105,
        0.007523868620220755,
        0.001481371953243168,
        0.0025821455157541036,
        0.00018332211642325038,
        0.005062137284790633,
        0.0012816022090172258,
        0.005963130066388484,
        0.0077261540808295295,
        0.006816724039353569,
        0.0029040958843604796,
        0.004825411920793806,
        0.0021226248070716027,
        0.007837686909549129,
        0.0070947975523529706,
        7.651321960049733e-06,
        0.0004038848322650182,
        0.0026535724552284217,
        0.004893928942902959,
        0.002817267526835585,
        0.004041448132208478,
        2.2680002476856688e-05,
        2.3160362811259235e-06,
        0.00547489419617723,
        0.008099900877118121,
        0.003055787055460093,
        0.0026733996223952355,
        0.007995347596184152,
        0.0021023405406460317,
        0.0063260736076808785,
        0.006494705496533026,
        0.007172460673460215,
        0.007366146733396957,
        0.0017023960782347944,
        0.007671785159428641,
        0.0002923557503983487,
        0.007624448278940811,
        0.005856191570909408,
        0.0070679082720567395,
        0.005920914692768384,
        0.004214428512920263,
        1.0553354731887812e-05,
        8.187428458017385e-08,
        0.007870606395943308,
        0.0075297045976500665,
        5.81401987997445e-06,
        3.2120394734635905e-05,
        0.00421562579724561,
        0.0006245820718486153,
        0.003376884303049969,
        4.399056028243058e-05,
        1.4785725654451844e-07,
        0.006643447487398769,
        0.004453599812105095,
        0.0002823960530034185,
        4.713891977499482e-05,
        0.004896065485600522,
        0.006649779247786727,
        0.007353870311119997,
        0.0002888839901939735,
        4.761415221981112e-05,
        0.0068720579817403,
        0.005102520719963487,
        0.007231977579722355,
        0.008119077585473379,
        0.007977213773333665,
        0.0017165615465147925,
        0.005290603345538834,
        1.8783834119399768e-05,
        0.00477742028251348,
        0.0023693873505200424,
        0.007075506964778815,
        6.50573068578584e-05,
        0.006966673228916447,
        0.004376443301313088,
        0.0027048476820810195,
        0.005931713584132125,
        6.142440601054712e-05,
        0.0001075991192623078,
        0.00012282705952663668,
        0.00010072138177209882,
        0.0028484080106933618,
        0.0037458254113800623,
        0.007964755384122894,
        0.00511070466054804,
        0.0004331210884022038,
        0.00024081013567761028,
        0.006338722119735382,
        0.004189876912989062,
        1.701725721601227e-06,
        0.005735704360035963,
        0.0016771269913364948,
        0.0029958847885482864,
