{
    "name": "MetricAgent_106",
    "seed": null,
    "gamma": 1.4532577453265096,
    "gamma_decoherence": 0.23508522957368538,
    "tau_m": 2.0,
    "theta": 0.0064858002829072175,
    "chi_square": 2903.4201258724406,
    "zeta": 2.3188320768858097,
    "fitness": 0.8925449227303529,
    "knowledge_vector": [
        0.007949106059388948,
        0.001665705408094992,
        0.0062799153160215705,
        0.00357607076150859,
        0.0025865524017636807,
        0.0045071930470618965,
        0.00042711528323251583,
        0.004614402313408275,
        0.007856445503532261,
        0.006978956228052647,
        0.001124591255763587,
        0.00031793569321623326,
        0.00024408328405622955,
        0.004525355469150909,
        0.0049811136735538756,
        0.0005396854477200853,
        0.002574534140107963,
        0.007625812262299967,
        0.007916169661531199,
        0.006019649891169174,
        0.0007854139319589242,
        0.0006033113422271701,
        0.0037034051045267665,
        9.684131823631671e-05,
        0.007934892736281906,
        0.004210695757397258,
        0.0016501508169199583,
        0.004028662128177455,
        0.005223837221793612,
        0.005546836536255756,
        0.007737822850351535,
        0.0002938493823181494,
        0.007595745734535294,
        0.005758245539717059,
        0.0002181167649305125,
        0.004723553594554578,
        0.007896079118350522,
        0.003129118625056247,
        0.007914498914429554,
        0.006025137754504399,
        0.0067604812722133105,
        0.004553504987937011,
        0.005127106943538954,
        0.006457306527568681,
        4.76662491774687e-05,
        0.0015849266224253554,
        0.004344656239895758,
        0.0032601343787467675,
        0.0004593159693053027,
        1.7057946574335712e-05,
        0.00038621996609769217,
        0.0016778614352731618,
        0.001872177326694125,
        0.004867514270698591,
        0.007904237558224215,
        0.006700952144255839,
        0.00296374047075526,
        0.007879897014405784,
        0.007804361657842273,
        0.0003852782701487374,
        0.00794118031318958,
        0.0010030277245488954,
        0.00653915078470446,
        0.0068252854781111925,
        0.00749136237495063,
        2.9139525789037268e-05,
        0.0020893912089127264,
        0.0011081626667948995,
        0.0008342787423816475,
        0.0064921812816034884,
        0.0064310315452562414,
        0.005250937853261275,
        0.005118462173908327,
        0.0006482893936038706,
        0.006272571163432543,
        0.0002566461696244135,
        4.035773636010766e-05,
        0.007720765756569913,
        0.0021708948863130516,
        0.00367232362321183,
        0.002645992201453388,
        0.0075367969837698895,
        0.005004844403915897,
        0.0005173781234947439,
        0.007143927744631983,
        0.007226374593029947,
        0.004103981319915967,
        0.0008406662770166816,
        0.006269633486921052,
        0.005487670244546752,
        9.592076695690777e-06,
        0.007049265660476594,
        0.0014005750590149989,
        0.007180662872095827,
        0.0011244506311240152,
        0.0029855209360471545,
        0.0011261254997358707,
        5.135719735143781e-06,
        0.0022636205297121405,
        0.0014607370291305564,
        0.005788885554129677,
        0.007051214168833285,
        0.007952797010785665,
        0.005841578373079275,
        0.007836288111340633,
        0.004282348253369826,
        0.00754263257243406,
        0.007709758478711106,
        0.005697793890274805,
        0.0001016353275676057,
        0.0005969358232884581,
        0.0016934158232002061,
        0.0020419184994458738,
        5.996310625992725e-05,
        0.007443918149008531,
        0.0017360794452295515,
        0.00019426405338371483,
        0.00014020154906897606,
        0.00022064646773399302,
        0.0004794113979473214,
        0.002169108217725504,
        0.0004973028438878432,
        0.0002726587920727247,
        0.0010851471202345455,
        0.005567580133595316,
        0.004148865039364308,
        0.0022659606079400937,
        0.0001359141770647918,
        0.007528075652994439,
        0.0059182940084866464,
        2.417265548108999e-07,
        0.007377596918028888,
        0.0003507596369652893,
        0.00013567128017650013,
        0.007920822248026517,
        0.00480565203318219,
        0.003268331573351352,
        0.006878592352720277,
        0.0068240369463608815,
        0.006835701709555616,
        0.002022792875090498,
        0.004933545223262425,
        0.005460377309093313,
        0.007643410955877971,
        0.00014905500256224313,
        0.001757165719773958,
        0.004573061058149495,
        0.0031129200722522688,
        6.367395765470705e-05,
        0.007246737054937834,
        0.0004720891606030103,
        0.006373916853723445,
        0.00011286846283447575,
        0.0031895304810125183,
        0.006813069770617453,
        0.0023800818200170183,
        0.0035003711522027248,
        0.004788549572021609,
        0.0036271446464802093,
        0.0075700301662367615,
        0.006875926865956031,
        0.005112642137479675,
        0.007842861918010497,
        0.006474263245990221,
        0.004554093553481641,
        0.0011881766575336451,
        0.006002109488749184,
        0.0020045222647371796,
        0.0012866618094240358,
        0.0010789741502139896,
        0.00281189906557755,
        0.0010870804654298635,
        0.0016453296416981038,
        0.0025320040548026624,
        0.0007836823751866422,
        0.0002217579194867737,
        0.0051317161480769315,
        0.007155263920113895,
        0.0015294562875088188,
        0.004230992552126059,
        0.00043297171737361774,
        0.004153028517218594,
        0.007928310696012757,
        0.0006685982984943373,
        0.007942921145237978,
        0.005198460729647302,
        0.007602025770358464,
        0.007829950027802865,
        4.1847559021017226e-10,
        0.0006525392198318087,
        0.007816088555629527,
        0.0045320943348858824,
        0.0023591466482900916,
        0.0009117712583045276,
        0.005338305194019067,
        0.0032154610747232755,
        0.0024926536922443565,
        0.003733121131636531,
        0.0047455687197494306,
        0.007192741540431084,
        0.007076159547826112,
        0.001781957074839514,
        0.001180566513231511,
        0.00023523916503542398,
        0.006457306801174706,
        0.007120527687838293,
        0.007422255026847475,
        0.003633873943628991,
        0.007494857554291749,
        0.0038626917933488577,
        0.0029256681056449973,
        0.0072550528615030205,
        0.0030304663542123182,
        0.00016010894748120377,
        0.007713817379247903,
        0.006771870629748097,
        0.0031088539633691075,
        0.004980461725833835,
        0.006541535424180011,
        6.323645509701524e-05,
        0.00018608881059753945,
        0.007836227814316832,
        0.0004255636518896783,
        0.007317403869190936,
        0.007187008449437834,
        0.0014261428000371245,
        0.007119785526563226,
        0.00444076132238128,
        0.0007732101709034783,
        0.003333716682389704,
        0.00034431410360571984,
        0.0008564108474029587,
        0.007943238379861094,
        0.0066818052866372294,
        0.007399258683254691,
        0.003335216146354003,
        5.442718339579823e-05,
        0.0031698269700695557,
        0.007842946215021731,
        0.003370897444643773,
        0.007949288200599173,
        0.007921817317654114,
        0.006767519064757012,
        0.0024786857755402765,
        0.007787232547680894,
        0.0008360585603817672,
        0.002775586326321435,
        0.0010217303112314154,
        3.1277572380590166e-09,
        0.006172538204491341,
        0.00023709510627912986,
