{
    "name": "MetricAgent_63",
    "seed": null,
    "gamma": 0.6269566126380932,
    "gamma_decoherence": 0.18221328980502838,
    "tau_m": 2.0,
    "theta": 0.40152572437837947,
    "chi_square": 2903.4201258724406,
    "zeta": 1.0508332850055444,
    "fitness": 0.6396131088837393,
    "knowledge_vector": [
        0.00020138025606459542,
        0.0072542233492086505,
        0.007344112048606991,
        0.006687931788937387,
        0.007371273243387098,
        0.0063477570569980945,
        0.0022816214640352475,
        0.006814195063058211,
        0.0005673741879449219,
        0.005021506656900889,
        0.007275871634417669,
        0.006565720242579117,
        0.00016879669726252569,
        0.002805551972086982,
        0.001352843418588042,
        8.785270196033088e-05,
        0.007212252248778331,
        0.006475901292150942,
        0.001535499203035158,
        0.007390230592823894,
        0.0059832582702365735,
        0.0002494503968869178,
        0.00016945934745271979,
        0.004708812461563142,
        0.006250433788351003,
        0.0025391285793193927,
        0.0073237144620227745,
        0.007413325404097556,
        0.0031018467745305488,
        0.0063684544285063024,
        0.0049803687540787055,
        0.005349290166171286,
        0.004918224308924071,
        0.0027053839461420788,
        0.006303628142844923,
        0.0010038394523902462,
        0.0001316821237676866,
        0.0011832456687287196,
        0.007294344815463393,
        0.00539954554388012,
        0.007034392768703758,
        0.0004574506199653991,
        0.007211152062170404,
        8.468988079249733e-06,
        0.0005073335167232127,
        0.002273233537340563,
        0.0009976042006986392,
        0.0038483935854373764,
        0.006525660523159394,
        0.0030050942202138288,
        0.0044987571973949285,
        0.005220763894605471,
        6.100133696360519e-05,
        0.002932582754786169,
        0.0048814644911962975,
        0.0061358157415778115,
        0.004216942302559357,
        0.005171632045663454,
        0.006842611797002654,
        0.0020787987464210935,
        0.006028556427888431,
        0.0010479078743555676,
        0.007081517583387607,
        0.00191184269702157,
        0.007379135836165892,
        0.007419173515348292,
        0.00384638214885342,
        0.0039753039573073795,
        0.0015914249446487955,
        1.3659695500002796e-07,
        0.007315039057513693,
        0.006388920953002596,
        0.004602068877410859,
        0.007372559963726471,
        0.006615168605001542,
        0.005787453604939664,
        0.0073727128146634045,
        0.007414578284768186,
        0.007315148510285017,
        0.005123163188244083,
        0.004410081713459026,
        1.5345369252196845e-07,
        0.0041612830705786185,
        0.0005090648414065337,
        0.003594819753320432,
        0.004147754388265162,
        0.0005694603875740103,
        0.007322924279332183,
        0.0073210346452425145,
        0.00013805761924157726,
        0.0011200541455549705,
        0.00020780805944412866,
        0.0011829283339084722,
        0.0020822418896015446,
        0.007406958539159057,
        2.7283974802538497e-05,
        0.005795023603106386,
        0.006704250716185303,
        0.00294951008408165,
        8.744885237467137e-05,
        0.004217780929817628,
        0.0060761744195199216,
        0.0070394318167209145,
        0.0026002823150208455,
        0.0018713094441247429,
        0.001254026336205827,
        0.002522350624965503,
        0.006503647493778726,
        0.0006541917007369443,
        1.2386172963561527e-07,
        0.0023294101080621587,
        0.006459340725787548,
        0.006138890478293616,
        4.7821931212221586e-05,
        0.0001275876913123375,
        0.004775740591081899,
        0.0011093342125802234,
        0.004847536923635265,
        0.00018750669503566332,
        0.007371286743510845,
        0.006385976338545412,
        0.007360984401196129,
        0.0004164205628322057,
        0.00044993517173320507,
        0.007394498014063583,
        0.007279593803143684,
        0.0047385241706919224,
        0.003507076272128328,
        0.0007255601749477251,
        0.007344002115968759,
        7.002270831970639e-06,
        0.004606522141760087,
        0.005360843782230665,
        0.006835053321237512,
        0.0070087909228395955,
        0.005365832555950888,
        0.006643584552551726,
        6.959332015327228e-05,
        0.0062349433754393556,
        0.0014788010451381231,
        0.0010660406489208633,
        0.0034591996789926807,
        0.0023784830799089547,
        0.004510359864359209,
        0.005851427437321449,
        0.006858844931147094,
        0.004688720408290418,
        0.004864050105968308,
        0.005167171256703523,
        0.0034422375343000416,
        0.0003101934658014717,
        0.007418913812539329,
        0.0021561525182965968,
        0.005565753532484206,
        0.0038824479560827267,
        0.002562249915712176,
        0.007419336103364645,
        0.00036477489677184954,
        0.005456975520693609,
        0.00740648231050472,
        0.003919745561993337,
        0.006886564123834623,
        0.006578018227570744,
        0.003885181709819536,
        0.00641469089102548,
        4.988135573852191e-05,
        0.0036117823594965758,
        0.006308160029612679,
        0.006098426265636647,
        0.0006844387010666372,
        0.0017982945059361818,
        0.0069414098013715056,
        0.00252313933811717,
        0.006988214167765714,
        1.1476195652737538e-06,
        7.887064472458108e-05,
        0.0005010592707945597,
        0.007259648171073287,
        0.0008081817492195459,
        0.0006114377234320887,
        0.0008645624675093388,
        6.841905268846615e-05,
        0.006823472391837283,
        0.0035919947032416262,
        0.0035620229900415815,
        0.007304316497496126,
        1.1372091502885698e-05,
        0.0006146904461370884,
        0.0003728984492360651,
        0.0005962319773193677,
        0.003431376762013093,
        0.00413374467064092,
        0.006811965208180864,
        0.0033131554003911954,
        0.0028674779760574014,
        0.006078780201100995,
        0.0022385820620309214,
        0.007058559559963187,
        0.0029215473389336117,
        0.005485605313647037,
        0.0017130995292667312,
        0.0049287612634473866,
        0.004397063067651914,
        0.003498671885786596,
        0.0004744598406932981,
        0.006110536445557996,
        0.0027057592942990294,
        0.004608380697990282,
        0.007340598928204936,
        0.006005452587401163,
        0.002931820726335874,
        0.006870757398968807,
        0.00363495298811804,
        0.0022479082371016867,
        0.007192786719417097,
        0.00019243559042328022,
        0.002943451693564013,
        0.006094165793253527,
        0.004477228696136583,
        3.622301956659872e-05,
        0.001287497696192241,
        0.006220508486842848,
        0.0014794907290573182,
        0.004023388747174669,
        0.002477526738399559,
        0.006726809059208504,
        0.007243693978419333,
        9.863800233358673e-07,
        0.006113676466091557,
        6.688529400921107e-05,
        6.170760232320699e-06,
        0.0034797687165744333,
        0.0034595295665684083,
        0.007398904605606621,
        6.39171238718785e-06,
        0.005994407595460791,
        0.0006437107601627182,
        0.00523937002145094,
        0.00032029497360093386,
        0.0011105896423880368,
        0.006993034834861725,
        5.3720209990237656e-05,
        0.004404731815376357,
        0.006759191357496404,
        0.002163173063303054,
        0.007351177025774556,
        0.002107641605677387,
        0.005802563877561747,
        1.4817985632336984e-07,
        0.006059758367035673,
        0.001965945206726574,
        0.001779639297798224,
