{
    "name": "MetricAgent_93",
    "seed": null,
    "gamma": 0.5382453356200401,
    "gamma_decoherence": 0.23978222484684086,
    "tau_m": 2.0,
    "theta": 0.06771304264186918,
    "chi_square": 2903.4201258724406,
    "zeta": 0.8551216277961123,
    "fitness": 0.6005738725959,
    "knowledge_vector": [
        0.0009031941194002758,
        0.0016631505693600098,
        0.007262045374051633,
        0.001919920873230896,
        0.0014435671022271068,
        0.00753451638915378,
        0.005371543624366876,
        0.006887268637974034,
        0.0006092967077884417,
        0.00726912115687146,
        0.0037439044727670895,
        0.002293643165667914,
        0.003089174214078274,
        0.007496723118838747,
        0.006985334928365548,
        0.0075274700757606795,
        0.005640044191305135,
        0.006520231534981104,
        0.004352699564412893,
        0.0033348347311339013,
        0.00027560649951609306,
        0.00685628489923772,
        0.0005650493122958643,
        4.194109186363674e-05,
        0.006978538551971805,
        0.0007754318329400271,
        0.00437790350985084,
        0.0013427167180375217,
        0.005880805332095223,
        0.005264614207153441,
        0.007472575673344149,
        0.004557959756128217,
        0.001093910325561803,
        0.00436122873864507,
        0.004148278166667586,
        0.006449362807136785,
        0.0067191778404855846,
        0.0014559617547338817,
        0.007297566678478982,
        0.0073118414302077,
        0.004665053572546545,
        0.0011709161821379895,
        0.0049587444425772285,
        4.2188149082726475e-09,
        0.0005909626093989859,
        0.00750989121698584,
        2.3358480410670116e-06,
        0.0003136706753716908,
        0.004759125474205551,
        0.006994809044640475,
        0.0010026665056540704,
        0.007489272011702075,
        0.004973989371744236,
        0.006121406470990268,
        0.0024453303758337997,
        0.0009019615191905016,
        0.005898991896475345,
        0.0012650453736587296,
        0.005080607592065639,
        0.00029804393351996956,
        0.007512716859121037,
        0.0070388158428254,
        0.005072792882118183,
        0.0032801277739323755,
        0.0074393444137759845,
        0.005912945449267705,
        0.0055421331100454895,
        0.004184431475020642,
        0.004175444395922373,
        0.005342880886397625,
        0.0008763276108853715,
        0.004623594198286488,
        0.006243062055105797,
        0.005870954121691078,
        0.00393870782901167,
        0.0045298498578858525,
        0.0007216869582196439,
        0.0012906041066097086,
        0.005260730967082356,
        0.007419315500922381,
        1.3154039228009421e-05,
        0.003920749287557684,
        0.007387706263570283,
        0.005703791949763394,
        0.007010143437470366,
        0.0001475162915402795,
        0.0014357848164668074,
        0.0007188915343856304,
        0.007437046345427876,
        0.0060085641880020385,
        0.006829824823704151,
        0.0006569128941731731,
        0.007405869509187244,
        0.0029794498945224478,
        0.007515268279826897,
        0.0020889585411476837,
        3.123465624990002e-05,
        0.0038797265196872563,
        0.0017912874966021543,
        0.0025298382926202405,
        0.00010654404382537744,
        0.0064680529747748955,
        0.0003512122043595877,
        0.002040702042829773,
        4.647332035636403e-06,
        0.007114774421697117,
        0.005073725417558885,
        0.0016175830087267482,
        0.0046614056103455115,
        0.007445043487594377,
        0.007385500263875771,
        0.007457781882437578,
        0.006449645826761513,
        0.0025429167987376716,
        0.0021049606325312777,
        0.00564740790059614,
        2.5202970868269378e-05,
        4.384590376183532e-06,
        0.00680950497102816,
        0.005983901460225771,
        0.004206048798757454,
        0.0022869451235853155,
        4.219219447925509e-05,
        0.0022654850642225355,
        0.0004223234829386988,
        0.007530168448772103,
        0.006770103172429107,
        0.004603841971233058,
        0.002550300144872647,
        0.004099852575873367,
        0.0026551393846271252,
        0.00342507566298235,
        0.005236604658646791,
        0.0030234680908672053,
        0.0003213573042186973,
        0.007352599507962354,
        4.447695864498374e-05,
        0.0029068615506856357,
        0.0021636442320576905,
        0.0067346887915219755,
        0.0025101457128781225,
        0.004305988440591364,
        0.007542137824799281,
        0.006731997108435188,
        0.0006600207433597951,
        0.006884102657537553,
        0.0010844337721547072,
        0.0015050705702698555,
        0.0013693387957030487,
        0.00752511864400899,
        0.0030213688447378404,
        0.007158321135788223,
        0.002597150449179947,
        0.0004276442615383244,
        0.006687146524230913,
        0.0035977108133418015,
        0.0075410139127341826,
        0.0005541527818822648,
        0.0007910957750908238,
        0.002063360995324538,
        0.007541759465800393,
        0.004177254833939568,
        0.0009303867556033004,
        0.0050206971684080845,
        0.007153991536135586,
        1.6215261412197001e-06,
        0.005113474931950426,
        0.0049584641896644605,
        0.0013898101566017537,
        0.0003261992020163545,
        0.00023078486291005555,
        0.0024635917635030635,
        0.007107777614673778,
        0.007343058501700461,
        0.0073450809764364355,
        0.0020599003514242343,
        0.00020291964770831464,
        0.007414578690895459,
        0.0024060602188919,
        0.0049830525301952375,
        0.00011933751418497318,
        0.005371313756679571,
        0.006441383356657656,
        0.0037895338632619167,
        0.006603569699992196,
        0.003140784296753258,
        0.006025667907188932,
        0.0013973925180539525,
        0.004490856490476437,
        0.0002692666023240678,
        0.00532219609044396,
        0.00596371067719878,
        0.00326341515818954,
        0.0034532931586085634,
        0.004489303044974906,
        0.0005971823925620093,
        0.006446878015467058,
        0.007496889335959306,
        0.006384792743642177,
        0.004464393652376754,
        0.0009178830897460979,
        0.006057176639602993,
        0.0004757540337225437,
        0.00606275249686651,
        0.004793970887737788,
        0.003064019111340125,
        0.005020915353294375,
        0.005500646160045917,
        0.0008361819686639606,
        0.0021814554420125994,
        0.0003294783205933517,
        0.0019605463010626918,
        0.003924400048041854,
        0.0014730544848838537,
        0.0032914544076316932,
        0.0008397084937328972,
        2.4484437597429963e-06,
        0.002780134521208904,
        0.007505338096982008,
        0.006891496393282557,
        0.005824626471542016,
        0.007373291112606223,
        0.007032580249270637,
        0.001144220290348876,
        0.001728528932442544,
        0.004463020067509106,
        0.0008127579405549543,
        5.7702837876373654e-05,
        1.263979774761674e-05,
        0.005944177072550594,
        0.0072275475493336705,
        0.007497698670005805,
        0.0016311558066842166,
        5.597163010608307e-05,
        0.00750742433770144,
        0.00667682764343782,
        0.0010449378567646756,
        0.00347132920083947,
        0.0049007516177111835,
        0.004227838147323967,
        0.0014929618109305266,
        0.0052439427729465875,
        0.001419204750501084,
        0.0041791983181773355,
        0.0032993983998279735,
        0.002009180641720836,
        0.002697236430258436,
        0.005458309571204411,
        5.7670146617722685e-08,
        0.0029614163393153147,
        0.0060993650010511755,
        0.006727809224627875,
