{
    "name": "SDK_Demo_Agent",
    "seed": null,
    "gamma": 1.1378960175366721,
    "gamma_decoherence": 0.35130389143028806,
    "tau_m": 2.3333192415085615,
    "theta": 1.2539433221724592,
    "chi_square": 1573.25,
    "zeta": 1.8455126324619675,
    "fitness": 0.6148747463309694,
    "knowledge_vector": [
        0.009296533584868025,
        0.04810417490088143,
        0.0023256730235763938,
        0.05160663125173127,
        0.00647840067175158,
        0.000577447542170617,
        0.040051170350797645,
        0.010872088711537135,
        0.10696875681942405,
        0.05998789106415438,
        0.10111800062932992,
        0.00206691615299001,
        0.06521397427860082,
        0.011759314876085149,
        0.29936726499722816,
        0.1842057610863326
    ],
    "birth_vector": [
        0.009296533584868025,
        0.04810417490088143,
        0.0023256730235763938,
        0.05160663125173127,
        0.00647840067175158,
        0.000577447542170617,
        0.040051170350797645,
        0.010872088711537135,
        0.10696875681942405,
        0.05998789106415438,
        0.10111800062932992,
        0.00206691615299001,
        0.06521397427860082,
        0.011759314876085149,
        0.29936726499722816,
        0.1842057610863326
    ]
}