{
    "name": "Sigma_Security_Master",
    "seed": null,
    "gamma": 0.5062957459903096,
    "gamma_decoherence": 0.21906073802898343,
    "tau_m": 1.9376555112797917,
    "theta": 2.2572006512636706,
    "chi_square": 727.625,
    "zeta": 0.8217933405453384,
    "fitness": 0.29416961751870063,
    "knowledge_vector": [
        0.08159163431464474,
        0.054584806810628064,
        0.001957010757536397,
        1.8688217194275153e-05,
        0.02553087581830827,
        0.20504507847886558,
        0.030622721852258897,
        0.0023873374994204774,
        0.000130367888109668,
        0.1216395842380887,
        0.2356626103420405,
        0.006227178795281431,
        0.06133578633069816,
        0.0070940305188336265,
        0.05316865726950473,
        0.11300363086835905
    ]
}