{
    "n_samples": 110,
    "baseline_accuracy": 0.2545454545454545,
    "rho_accuracy": 0.39090909090909093,
    "p_value": 0.03058967791347084,
    "baseline_hrr": 0.29577464788732394,
    "rho_hrr": 0.36619718309859156,
    "timestamp": "2026-04-18 09:14:24"
}