{
    "name": "Synergy_Master_Gold",
    "seed": null,
    "gamma": 1.447894412278288,
    "gamma_decoherence": 0.10417920634605671,
    "tau_m": 2.8476539459333505,
    "theta": 2.6257712274132867,
    "chi_square": 1393.09375,
    "zeta": 3.3600586827773586,
    "fitness": 0.8921662714802046,
    "knowledge_vector": [
        0.14061629171198956,
        0.10764667931492466,
        0.006698591707768391,
        0.1320995493721506,
        0.006169228745444493,
        0.10138796721526906,
        0.030656611277927133,
        0.05347500965602705,
        0.11132853890732261,
        0.13606371103554313,
        0.746351825678642,
        0.5383660108409337,
        0.137095882266692,
        0.07031259259751298,
        0.17822313428474998,
        0.061139934127850855
    ]
}